sample_id,current_emotion,proposed_emotion,transition,risk_gate,priority_score,confidence,sources,public_neighbor_labels,same_valence,same_arousal,reason
track2_0207,content,calm,content->calm,allow_strong_consensus,6.7,0.85,"clip,dinov2,gemini35_specialist,multibackbone_consensus,public_neighbor_agreement,rag_teacher,siglip2",,True,True,"The gentle poses of the women looking out over the water and the soft, muted colors evoke a sense of quiet, peaceful stillness best described as calm."
track2_0269,content,calm,content->calm,allow_strong_consensus,6.7,0.85,"clip,dinov2,gemini35_specialist,multibackbone_consensus,public_neighbor_agreement,rag_teacher,siglip2",,True,True,"The serene landscape featuring Mount Fuji, the still water, and the muted, earthy color palette evoke a sense of calm stillness rather than active contentment."
track2_0539,content,calm,content->calm,allow_strong_consensus,6.7,0.85,"clip,gemini35_specialist,multibackbone_consensus,public_neighbor_agreement,rag_teacher,siglip2",,True,True,"The serene expression of the woman and the soft, delicate charcoal shading evoke a sense of quiet, peaceful calm rather than active contentment."
track2_0756,content,calm,content->calm,allow_strong_consensus,6.7,0.85,"clip,gemini35_specialist,multibackbone_consensus,public_neighbor_agreement,rag_teacher,siglip2",,True,True,"The serene depiction of a boy playing a flute while riding a water buffalo under a tree, rendered in soft ink washes and muted tones, evokes a deep sense of peaceful stillness and calm."
track2_0777,content,calm,content->calm,allow_strong_consensus,6.7,0.85,"clip,gemini35_specialist,multibackbone_consensus,public_neighbor_agreement,rag_teacher,siglip2",,True,True,"The quiet, static arrangement of scholarly objects and the muted, earthy color palette evoke a profound sense of calm stillness and meditative peace rather than active contentment."
track2_0946,content,calm,content->calm,allow_strong_consensus,6.7,0.85,"clip,gemini35_specialist,multibackbone_consensus,public_neighbor_agreement,rag_teacher,siglip2",,True,True,"The serene, quiet depiction of nature with muted colors and elegant, balanced composition evokes a sense of calm stillness rather than active contentment."
track2_0210,content,calm,content->calm,hold_needs_more_evidence,4.817063,0.967063,"clip,dinov2,multibackbone_consensus,public_neighbor_agreement,siglip2",calm,True,True,
track2_0555,content,calm,content->calm,hold_needs_more_evidence,4.81074,0.96074,"clip,dinov2,multibackbone_consensus,public_neighbor_agreement,siglip2",calm,True,True,
track2_0869,content,calm,content->calm,hold_needs_more_evidence,4.810524,0.960524,"clip,dinov2,multibackbone_consensus,public_neighbor_agreement,siglip2",calm,True,True,
track2_0871,content,calm,content->calm,hold_needs_more_evidence,4.807567,0.957567,"clip,dinov2,multibackbone_consensus,public_neighbor_agreement,siglip2",calm,True,True,
track2_0914,content,calm,content->calm,hold_needs_more_evidence,4.802827,0.952827,"clip,dinov2,multibackbone_consensus,public_neighbor_agreement,siglip2",calm,True,True,
track2_0956,content,calm,content->calm,hold_needs_more_evidence,4.715907,0.865907,"clip,dinov2,multibackbone_consensus,public_neighbor_agreement,siglip2",,True,True,
track2_0410,content,calm,content->calm,hold_needs_more_evidence,4.680776,0.830776,"clip,dinov2,multibackbone_consensus,public_neighbor_agreement,siglip2",,True,True,
track2_0718,content,calm,content->calm,hold_needs_more_evidence,4.656466,0.806466,"clip,dinov2,multibackbone_consensus,public_neighbor_agreement,siglip2",,True,True,
track2_0099,content,calm,content->calm,hold_needs_more_evidence,4.643806,0.793806,"clip,dinov2,multibackbone_consensus,public_neighbor_agreement,siglip2",,True,True,
track2_0651,content,calm,content->calm,hold_needs_more_evidence,4.638968,0.788968,"clip,dinov2,multibackbone_consensus,public_neighbor_agreement,siglip2",,True,True,
track2_0765,content,calm,content->calm,hold_needs_more_evidence,4.638351,0.788351,"clip,dinov2,multibackbone_consensus,public_neighbor_agreement,siglip2",,True,True,
track2_0044,content,calm,content->calm,hold_needs_more_evidence,4.63318,0.78318,"clip,dinov2,multibackbone_consensus,public_neighbor_agreement,siglip2",,True,True,
track2_0880,content,calm,content->calm,hold_needs_more_evidence,4.633169,0.783169,"clip,dinov2,multibackbone_consensus,public_neighbor_agreement,siglip2",,True,True,
track2_0830,content,calm,content->calm,hold_needs_more_evidence,4.632145,0.782145,"clip,dinov2,multibackbone_consensus,public_neighbor_agreement,siglip2",,True,True,
track2_0944,content,calm,content->calm,hold_needs_more_evidence,4.631004,0.781004,"clip,multibackbone_consensus,public_neighbor_agreement,siglip2",,True,True,
track2_0704,content,calm,content->calm,hold_needs_more_evidence,4.629179,0.779179,"clip,dinov2,multibackbone_consensus,public_neighbor_agreement,siglip2",,True,True,
track2_0941,content,calm,content->calm,hold_needs_more_evidence,4.626759,0.776759,"clip,dinov2,multibackbone_consensus,public_neighbor_agreement,siglip2",,True,True,
track2_0996,content,calm,content->calm,hold_needs_more_evidence,4.614003,0.764003,"clip,dinov2,multibackbone_consensus,public_neighbor_agreement,siglip2",,True,True,
track2_0270,content,calm,content->calm,hold_needs_more_evidence,4.613472,0.763472,"clip,dinov2,multibackbone_consensus,public_neighbor_agreement,siglip2",,True,True,
track2_0271,content,calm,content->calm,hold_needs_more_evidence,4.612479,0.762479,"clip,multibackbone_consensus,public_neighbor_agreement,siglip2",,True,True,
track2_0455,content,calm,content->calm,hold_needs_more_evidence,4.607141,0.757141,"clip,dinov2,multibackbone_consensus,public_neighbor_agreement,siglip2",,True,True,
track2_0580,content,calm,content->calm,hold_needs_more_evidence,4.605085,0.755085,"clip,dinov2,multibackbone_consensus,public_neighbor_agreement,siglip2",,True,True,
track2_0087,content,calm,content->calm,hold_needs_more_evidence,4.602131,0.752131,"clip,dinov2,multibackbone_consensus,public_neighbor_agreement,siglip2",,True,True,
track2_0557,content,calm,content->calm,hold_needs_more_evidence,4.600277,0.750277,"clip,dinov2,multibackbone_consensus,public_neighbor_agreement,siglip2",,True,True,
track2_0942,content,calm,content->calm,hold_needs_more_evidence,4.599026,0.749026,"clip,dinov2,multibackbone_consensus,public_neighbor_agreement,siglip2",,True,True,
track2_0125,content,calm,content->calm,hold_needs_more_evidence,4.597005,0.747005,"clip,multibackbone_consensus,public_neighbor_agreement,siglip2",,True,True,
track2_0443,content,calm,content->calm,hold_needs_more_evidence,4.595742,0.745742,"clip,dinov2,multibackbone_consensus,public_neighbor_agreement,siglip2",,True,True,
track2_0169,content,calm,content->calm,hold_needs_more_evidence,4.594333,0.744333,"clip,dinov2,multibackbone_consensus,public_neighbor_agreement,siglip2",,True,True,
track2_0185,content,calm,content->calm,hold_needs_more_evidence,4.591931,0.741931,"clip,multibackbone_consensus,public_neighbor_agreement,siglip2",,True,True,
track2_0515,content,calm,content->calm,hold_needs_more_evidence,4.58871,0.73871,"clip,dinov2,multibackbone_consensus,public_neighbor_agreement,siglip2",,True,True,
track2_0832,content,calm,content->calm,hold_needs_more_evidence,4.577494,0.727494,"clip,dinov2,multibackbone_consensus,public_neighbor_agreement,siglip2",,True,True,
track2_0760,content,calm,content->calm,hold_needs_more_evidence,4.57176,0.72176,"clip,multibackbone_consensus,public_neighbor_agreement,siglip2",,True,True,
track2_0052,content,calm,content->calm,hold_needs_more_evidence,4.571007,0.721007,"clip,dinov2,multibackbone_consensus,public_neighbor_agreement,siglip2",,True,True,
track2_0167,content,calm,content->calm,hold_needs_more_evidence,4.570516,0.720516,"clip,dinov2,multibackbone_consensus,public_neighbor_agreement,siglip2",,True,True,
track2_0280,content,calm,content->calm,hold_needs_more_evidence,4.566532,0.716532,"clip,dinov2,multibackbone_consensus,public_neighbor_agreement,siglip2",,True,True,
track2_0809,content,calm,content->calm,hold_needs_more_evidence,4.565888,0.715888,"clip,dinov2,multibackbone_consensus,public_neighbor_agreement,siglip2",,True,True,
track2_0982,aroused,excited,aroused->excited,hold_needs_more_evidence,4.562512,0.712512,"clip,dinov2,multibackbone_consensus,public_neighbor_agreement,siglip2",,True,True,
track2_0678,content,calm,content->calm,hold_needs_more_evidence,4.562295,0.712295,"clip,dinov2,multibackbone_consensus,public_neighbor_agreement,siglip2",,True,True,
track2_0681,content,calm,content->calm,hold_needs_more_evidence,4.554227,0.704227,"clip,dinov2,multibackbone_consensus,public_neighbor_agreement,siglip2",,True,True,
track2_0335,content,calm,content->calm,hold_needs_more_evidence,4.553785,0.703785,"clip,dinov2,multibackbone_consensus,public_neighbor_agreement,siglip2",,True,True,
track2_0800,content,calm,content->calm,hold_needs_more_evidence,4.54676,0.69676,"clip,dinov2,multibackbone_consensus,public_neighbor_agreement,siglip2",,True,True,
track2_0481,content,calm,content->calm,hold_needs_more_evidence,4.546334,0.696334,"clip,dinov2,multibackbone_consensus,public_neighbor_agreement,siglip2",,True,True,
track2_0437,content,calm,content->calm,hold_needs_more_evidence,4.545319,0.695319,"clip,dinov2,multibackbone_consensus,public_neighbor_agreement,siglip2",,True,True,
track2_0396,content,calm,content->calm,hold_needs_more_evidence,4.542411,0.692411,"clip,dinov2,multibackbone_consensus,public_neighbor_agreement,siglip2",,True,True,
track2_0442,content,calm,content->calm,hold_needs_more_evidence,4.537987,0.687987,"clip,dinov2,multibackbone_consensus,public_neighbor_agreement,siglip2",,True,True,
track2_0059,content,calm,content->calm,hold_needs_more_evidence,4.531114,0.681114,"clip,dinov2,multibackbone_consensus,public_neighbor_agreement,siglip2",,True,True,
track2_0020,content,calm,content->calm,hold_needs_more_evidence,4.526246,0.676246,"clip,dinov2,multibackbone_consensus,public_neighbor_agreement,siglip2",,True,True,
track2_0447,content,calm,content->calm,hold_needs_more_evidence,4.521495,0.671495,"clip,dinov2,multibackbone_consensus,public_neighbor_agreement,siglip2",,True,True,
track2_0517,content,calm,content->calm,hold_needs_more_evidence,4.508936,0.658936,"clip,dinov2,multibackbone_consensus,public_neighbor_agreement,siglip2",,True,True,
track2_0417,content,calm,content->calm,hold_needs_more_evidence,4.507103,0.657103,"clip,multibackbone_consensus,public_neighbor_agreement,siglip2",,True,True,
track2_0189,content,calm,content->calm,hold_needs_more_evidence,4.503439,0.653439,"clip,dinov2,multibackbone_consensus,public_neighbor_agreement,siglip2",,True,True,
track2_0451,content,calm,content->calm,hold_needs_more_evidence,4.500887,0.650887,"clip,dinov2,multibackbone_consensus,public_neighbor_agreement,siglip2",,True,True,
track2_0550,content,calm,content->calm,hold_needs_more_evidence,4.500267,0.650267,"clip,dinov2,multibackbone_consensus,public_neighbor_agreement,siglip2",,True,True,
track2_0191,content,calm,content->calm,hold_needs_more_evidence,4.498318,0.648318,"clip,dinov2,multibackbone_consensus,public_neighbor_agreement,siglip2",,True,True,
track2_0413,content,calm,content->calm,hold_needs_more_evidence,4.498084,0.648084,"clip,dinov2,multibackbone_consensus,public_neighbor_agreement,siglip2",,True,True,
track2_0085,content,calm,content->calm,hold_needs_more_evidence,4.496543,0.646543,"clip,multibackbone_consensus,public_neighbor_agreement,siglip2",,True,True,
track2_0631,content,calm,content->calm,hold_needs_more_evidence,4.496089,0.646089,"clip,dinov2,multibackbone_consensus,public_neighbor_agreement,siglip2",,True,True,
track2_0899,content,calm,content->calm,hold_needs_more_evidence,4.493132,0.643132,"clip,dinov2,multibackbone_consensus,public_neighbor_agreement,siglip2",,True,True,
track2_0781,content,calm,content->calm,hold_needs_more_evidence,4.491051,0.641051,"clip,dinov2,multibackbone_consensus,public_neighbor_agreement,siglip2",,True,True,
track2_0994,content,calm,content->calm,hold_needs_more_evidence,4.489562,0.639562,"clip,dinov2,multibackbone_consensus,public_neighbor_agreement,siglip2",,True,True,
track2_0746,content,calm,content->calm,hold_needs_more_evidence,4.487835,0.637835,"clip,dinov2,multibackbone_consensus,public_neighbor_agreement,siglip2",,True,True,
track2_0966,content,calm,content->calm,hold_needs_more_evidence,4.48165,0.63165,"clip,dinov2,multibackbone_consensus,public_neighbor_agreement,siglip2",,True,True,
track2_0265,content,calm,content->calm,hold_needs_more_evidence,4.477228,0.627228,"clip,multibackbone_consensus,public_neighbor_agreement,siglip2",,True,True,
track2_0155,content,calm,content->calm,hold_needs_more_evidence,4.47182,0.62182,"clip,dinov2,multibackbone_consensus,public_neighbor_agreement,siglip2",,True,True,
track2_0722,content,calm,content->calm,hold_needs_more_evidence,4.469667,0.619667,"clip,multibackbone_consensus,public_neighbor_agreement,siglip2",,True,True,
track2_0229,content,calm,content->calm,hold_needs_more_evidence,4.469083,0.619083,"clip,dinov2,multibackbone_consensus,public_neighbor_agreement,siglip2",,True,True,
track2_0928,content,calm,content->calm,hold_needs_more_evidence,4.466764,0.616764,"clip,dinov2,multibackbone_consensus,public_neighbor_agreement,siglip2",,True,True,
track2_0773,content,calm,content->calm,hold_needs_more_evidence,4.465703,0.615703,"clip,dinov2,multibackbone_consensus,public_neighbor_agreement,siglip2",,True,True,
track2_0306,content,calm,content->calm,hold_needs_more_evidence,4.464729,0.614729,"clip,dinov2,multibackbone_consensus,public_neighbor_agreement,siglip2",,True,True,
track2_0009,content,calm,content->calm,hold_needs_more_evidence,4.459738,0.609738,"clip,multibackbone_consensus,public_neighbor_agreement,siglip2",,True,True,
track2_0873,aroused,calm,aroused->calm,hold_needs_more_evidence,4.454631,0.954631,"clip,multibackbone_consensus,public_neighbor_agreement,siglip2",calm,True,False,
track2_0382,content,excited,content->excited,hold_needs_more_evidence,4.450135,0.950135,"clip,dinov2,multibackbone_consensus,public_neighbor_agreement,siglip2",excited,True,False,
track2_0494,content,calm,content->calm,hold_needs_more_evidence,4.445089,0.595089,"clip,dinov2,multibackbone_consensus,public_neighbor_agreement,siglip2",,True,True,
track2_0932,content,calm,content->calm,hold_needs_more_evidence,4.444827,0.594827,"clip,multibackbone_consensus,public_neighbor_agreement,siglip2",,True,True,
track2_0043,content,calm,content->calm,hold_needs_more_evidence,4.439816,0.589816,"clip,dinov2,multibackbone_consensus,public_neighbor_agreement",,True,True,
track2_0795,content,calm,content->calm,hold_needs_more_evidence,4.43909,0.58909,"clip,dinov2,multibackbone_consensus,public_neighbor_agreement,siglip2",,True,True,
track2_0626,content,calm,content->calm,hold_needs_more_evidence,4.436282,0.586282,"clip,dinov2,multibackbone_consensus,public_neighbor_agreement,siglip2",,True,True,
track2_0076,content,calm,content->calm,hold_needs_more_evidence,4.43501,0.58501,"clip,dinov2,multibackbone_consensus,public_neighbor_agreement",,True,True,
track2_0137,content,calm,content->calm,hold_needs_more_evidence,4.431301,0.581301,"clip,dinov2,multibackbone_consensus,public_neighbor_agreement",,True,True,
track2_0668,content,calm,content->calm,hold_needs_more_evidence,4.428992,0.578992,"clip,multibackbone_consensus,public_neighbor_agreement,siglip2",,True,True,
track2_0583,content,calm,content->calm,hold_needs_more_evidence,4.423222,0.573222,"clip,dinov2,multibackbone_consensus,public_neighbor_agreement,siglip2",,True,True,
track2_0526,content,calm,content->calm,hold_needs_more_evidence,4.41549,0.56549,"clip,dinov2,multibackbone_consensus,public_neighbor_agreement,siglip2",,True,True,
track2_0926,content,calm,content->calm,hold_needs_more_evidence,4.415323,0.565323,"clip,multibackbone_consensus,public_neighbor_agreement,siglip2",,True,True,
track2_0803,content,calm,content->calm,hold_needs_more_evidence,4.413098,0.563098,"clip,multibackbone_consensus,public_neighbor_agreement,siglip2",,True,True,
track2_0592,content,calm,content->calm,hold_needs_more_evidence,4.410775,0.560775,"clip,dinov2,multibackbone_consensus,public_neighbor_agreement",,True,True,
track2_0477,content,calm,content->calm,hold_needs_more_evidence,4.409317,0.559317,"clip,dinov2,multibackbone_consensus,public_neighbor_agreement,siglip2",,True,True,
track2_0748,content,calm,content->calm,hold_needs_more_evidence,4.402119,0.552119,"clip,dinov2,multibackbone_consensus,public_neighbor_agreement,siglip2",,True,True,
track2_0572,content,calm,content->calm,hold_needs_more_evidence,4.401543,0.551543,"clip,dinov2,multibackbone_consensus,public_neighbor_agreement,siglip2",,True,True,
track2_0609,content,calm,content->calm,hold_needs_more_evidence,4.400204,0.550204,"clip,dinov2,multibackbone_consensus,public_neighbor_agreement,siglip2",,True,True,
track2_0178,content,calm,content->calm,hold_needs_more_evidence,4.399628,0.549628,"clip,dinov2,multibackbone_consensus,public_neighbor_agreement,siglip2",,True,True,
track2_0759,content,calm,content->calm,hold_needs_more_evidence,4.397985,0.547985,"dinov2,multibackbone_consensus,public_neighbor_agreement,siglip2",,True,True,
track2_0562,content,calm,content->calm,hold_needs_more_evidence,4.396333,0.546333,"clip,dinov2,multibackbone_consensus,public_neighbor_agreement,siglip2",,True,True,
track2_0908,content,calm,content->calm,hold_needs_more_evidence,4.393763,0.543763,"clip,dinov2,multibackbone_consensus,public_neighbor_agreement,siglip2",,True,True,
track2_0136,content,calm,content->calm,hold_needs_more_evidence,4.391949,0.541949,"clip,dinov2,multibackbone_consensus,public_neighbor_agreement,siglip2",,True,True,
track2_0738,content,calm,content->calm,hold_needs_more_evidence,4.386671,0.536671,"clip,multibackbone_consensus,public_neighbor_agreement,siglip2",,True,True,
track2_0551,content,calm,content->calm,hold_needs_more_evidence,4.385235,0.535235,"clip,multibackbone_consensus,public_neighbor_agreement,siglip2",,True,True,
track2_0144,content,calm,content->calm,hold_needs_more_evidence,4.381495,0.531495,"clip,multibackbone_consensus,public_neighbor_agreement,siglip2",,True,True,
track2_0202,content,calm,content->calm,hold_needs_more_evidence,4.380698,0.530698,"clip,dinov2,multibackbone_consensus,public_neighbor_agreement,siglip2",,True,True,
track2_0134,content,calm,content->calm,hold_needs_more_evidence,4.377549,0.527549,"clip,multibackbone_consensus,public_neighbor_agreement,siglip2",,True,True,
track2_0900,content,calm,content->calm,hold_needs_more_evidence,4.374133,0.524133,"dinov2,multibackbone_consensus,public_neighbor_agreement,siglip2",,True,True,
track2_0489,content,calm,content->calm,hold_needs_more_evidence,4.370777,0.520777,"clip,dinov2,multibackbone_consensus,public_neighbor_agreement",,True,True,
track2_0779,content,excited,content->excited,hold_needs_more_evidence,4.367206,0.867206,"clip,dinov2,multibackbone_consensus,public_neighbor_agreement,siglip2",,True,False,
track2_0990,content,calm,content->calm,hold_needs_more_evidence,4.359092,0.509092,"clip,dinov2,multibackbone_consensus,public_neighbor_agreement",,True,True,
track2_0540,content,calm,content->calm,hold_needs_more_evidence,4.353716,0.503716,"clip,dinov2,multibackbone_consensus,public_neighbor_agreement",,True,True,
track2_0791,content,calm,content->calm,hold_needs_more_evidence,4.351494,0.501494,"clip,dinov2,multibackbone_consensus,public_neighbor_agreement,siglip2",,True,True,
track2_0593,content,calm,content->calm,hold_needs_more_evidence,4.349861,0.499861,"clip,dinov2,multibackbone_consensus,public_neighbor_agreement,siglip2",,True,True,
track2_0133,content,calm,content->calm,hold_needs_more_evidence,4.349021,0.499021,"dinov2,multibackbone_consensus,public_neighbor_agreement,siglip2",,True,True,
track2_0483,content,calm,content->calm,hold_needs_more_evidence,4.343598,0.493598,"clip,dinov2,multibackbone_consensus,public_neighbor_agreement,siglip2",,True,True,
track2_0374,content,calm,content->calm,hold_needs_more_evidence,4.341685,0.491685,"dinov2,multibackbone_consensus,public_neighbor_agreement,siglip2",,True,True,
track2_0715,content,calm,content->calm,hold_needs_more_evidence,4.339423,0.489423,"dinov2,multibackbone_consensus,public_neighbor_agreement,siglip2",,True,True,
track2_0617,content,calm,content->calm,hold_needs_more_evidence,4.331394,0.481394,"clip,dinov2,multibackbone_consensus,public_neighbor_agreement,siglip2",,True,True,
track2_0529,content,calm,content->calm,hold_needs_more_evidence,4.330115,0.480115,"clip,dinov2,multibackbone_consensus,public_neighbor_agreement",,True,True,
track2_0672,content,calm,content->calm,hold_needs_more_evidence,4.329824,0.479824,"clip,multibackbone_consensus,public_neighbor_agreement,siglip2",,True,True,
track2_0324,content,calm,content->calm,hold_needs_more_evidence,4.323706,0.473706,"clip,dinov2,multibackbone_consensus,public_neighbor_agreement",,True,True,
track2_0639,content,calm,content->calm,hold_needs_more_evidence,4.320655,0.470655,"clip,dinov2,multibackbone_consensus,public_neighbor_agreement",,True,True,
track2_0471,content,calm,content->calm,hold_needs_more_evidence,4.320424,0.470424,"clip,dinov2,multibackbone_consensus,public_neighbor_agreement",,True,True,
track2_0622,calm,content,calm->content,hold_needs_more_evidence,4.31662,0.46662,"dinov2,multibackbone_consensus,public_neighbor_agreement,siglip2",,True,True,
track2_0505,tired,calm,tired->calm,hold_needs_more_evidence,4.312231,0.812231,"clip,dinov2,multibackbone_consensus,public_neighbor_agreement,siglip2",,False,True,
track2_0268,content,calm,content->calm,hold_needs_more_evidence,4.311788,0.461788,"clip,dinov2,multibackbone_consensus,public_neighbor_agreement,siglip2",,True,True,
track2_0215,tired,content,tired->content,hold_needs_more_evidence,4.307491,0.807491,"dinov2,multibackbone_consensus,public_neighbor_agreement,siglip2",,False,True,
track2_0561,content,calm,content->calm,hold_needs_more_evidence,4.303753,0.453753,"clip,multibackbone_consensus,public_neighbor_agreement,siglip2",,True,True,
track2_0329,content,calm,content->calm,hold_needs_more_evidence,4.303488,0.453488,"dinov2,multibackbone_consensus,public_neighbor_agreement,siglip2",,True,True,
track2_0351,content,calm,content->calm,hold_needs_more_evidence,4.30193,0.45193,"dinov2,multibackbone_consensus,public_neighbor_agreement,siglip2",,True,True,
track2_0656,content,calm,content->calm,hold_needs_more_evidence,4.290267,0.440267,"clip,dinov2,multibackbone_consensus,public_neighbor_agreement",,True,True,
track2_0433,content,calm,content->calm,hold_needs_more_evidence,4.265058,0.415058,"clip,multibackbone_consensus,public_neighbor_agreement,siglip2",,True,True,
track2_0741,content,calm,content->calm,hold_needs_more_evidence,4.262757,0.412757,"clip,dinov2,multibackbone_consensus,public_neighbor_agreement,siglip2",,True,True,
track2_0601,content,calm,content->calm,hold_needs_more_evidence,4.255588,0.405588,"dinov2,multibackbone_consensus,public_neighbor_agreement,siglip2",,True,True,
track2_0201,content,calm,content->calm,hold_needs_more_evidence,4.254007,0.404007,"dinov2,multibackbone_consensus,public_neighbor_agreement,siglip2",,True,True,
track2_0356,aroused,excited,aroused->excited,hold_needs_more_evidence,4.234455,0.384455,"clip,multibackbone_consensus,public_neighbor_agreement,siglip2",,True,True,
track2_0090,calm,excited,calm->excited,hold_needs_more_evidence,4.226506,0.726506,"dinov2,multibackbone_consensus,public_neighbor_agreement,siglip2",,True,False,
track2_0855,content,calm,content->calm,hold_needs_more_evidence,4.212701,0.362701,"clip,dinov2,multibackbone_consensus,public_neighbor_agreement",,True,True,
track2_0448,content,calm,content->calm,hold_needs_more_evidence,4.203425,0.353425,"clip,dinov2,multibackbone_consensus,public_neighbor_agreement",,True,True,
track2_0056,tired,calm,tired->calm,hold_needs_more_evidence,4.200287,0.700287,"clip,dinov2,multibackbone_consensus,public_neighbor_agreement,siglip2",,False,True,
track2_0493,content,calm,content->calm,hold_needs_more_evidence,4.2,0.85,"clip,gemini35_specialist,public_neighbor_agreement,rag_teacher",,True,True,"The delicate, precise lines and soft, harmonious colors of the traditional floral painting evoke a sense of quiet stillness and meditative tranquility, making 'calm' a more accurate description than 'content'."
track2_0813,content,calm,content->calm,hold_needs_more_evidence,4.2,0.85,"clip,gemini35_specialist,public_neighbor_agreement,rag_teacher",,True,True,"The harmonious composition, balanced natural elements, and gentle depiction of travelers on their journey evoke a sense of serene tranquility and calm."
track2_0893,content,calm,content->calm,hold_needs_more_evidence,4.2,0.85,"clip,gemini35_specialist,public_neighbor_agreement,rag_teacher",,True,True,"The delicate brushwork, balanced composition, and soft, muted colors of this traditional floral painting evoke a sense of meditative stillness and quiet tranquility, making 'calm' a more precise descriptor than 'content'."
track2_0952,content,calm,content->calm,hold_needs_more_evidence,4.2,0.85,"gemini35_specialist,public_neighbor_agreement,rag_teacher,siglip2",,True,True,"The painting's depiction of a quiet, vast natural landscape with a gently flowing stream and distant mountains evokes a sense of peaceful stillness and tranquility, making 'calm' a more precise fit than 'content'."
track2_0441,annoyed,calm,annoyed->calm,hold_needs_more_evidence,4.199742,0.699742,"clip,dinov2,multibackbone_consensus,public_neighbor_agreement,siglip2",,False,False,
track2_0608,content,calm,content->calm,hold_needs_more_evidence,4.197361,0.347361,"clip,multibackbone_consensus,public_neighbor_agreement,siglip2",,True,True,
track2_0618,sad,calm,sad->calm,hold_needs_more_evidence,4.191262,0.691262,"clip,dinov2,multibackbone_consensus,public_neighbor_agreement,siglip2",,False,True,
track2_0211,tired,calm,tired->calm,hold_needs_more_evidence,4.19046,0.69046,"clip,dinov2,multibackbone_consensus,public_neighbor_agreement,siglip2",,False,True,
track2_0998,content,excited,content->excited,hold_needs_more_evidence,4.18756,0.68756,"clip,dinov2,multibackbone_consensus,public_neighbor_agreement,siglip2",,True,False,
track2_0923,alarmed,calm,alarmed->calm,hold_needs_more_evidence,4.186982,0.686982,"clip,multibackbone_consensus,public_neighbor_agreement,siglip2",,False,False,
track2_0806,annoyed,calm,annoyed->calm,hold_needs_more_evidence,4.186459,0.686459,"clip,dinov2,multibackbone_consensus,public_neighbor_agreement,siglip2",,False,False,
track2_0219,content,calm,content->calm,hold_needs_more_evidence,4.183561,0.333561,"dinov2,multibackbone_consensus,public_neighbor_agreement,siglip2",,True,True,
track2_0369,annoyed,calm,annoyed->calm,hold_needs_more_evidence,4.166584,0.666584,"clip,dinov2,multibackbone_consensus,public_neighbor_agreement,siglip2",,False,False,
track2_0771,content,calm,content->calm,hold_needs_more_evidence,4.156238,0.306238,"clip,multibackbone_consensus,public_neighbor_agreement,siglip2",,True,True,
track2_0345,tired,calm,tired->calm,hold_needs_more_evidence,4.144785,0.644785,"clip,dinov2,multibackbone_consensus,public_neighbor_agreement,siglip2",,False,True,
track2_0974,happy,calm,happy->calm,hold_needs_more_evidence,4.141081,0.641081,"clip,dinov2,multibackbone_consensus,public_neighbor_agreement,siglip2",,True,False,
track2_0696,sad,calm,sad->calm,hold_needs_more_evidence,4.138893,0.638893,"clip,dinov2,multibackbone_consensus,public_neighbor_agreement",,False,True,
track2_0627,sad,calm,sad->calm,hold_needs_more_evidence,4.137413,0.637413,"clip,dinov2,multibackbone_consensus,public_neighbor_agreement,siglip2",,False,True,
track2_0747,tired,calm,tired->calm,hold_needs_more_evidence,4.121559,0.621559,"dinov2,multibackbone_consensus,public_neighbor_agreement,siglip2",,False,True,
track2_0361,excited,calm,excited->calm,hold_needs_more_evidence,4.117989,0.617989,"clip,dinov2,multibackbone_consensus,public_neighbor_agreement,siglip2",,True,False,
track2_0919,bored,calm,bored->calm,hold_needs_more_evidence,4.113388,0.613388,"clip,multibackbone_consensus,public_neighbor_agreement,siglip2",,False,True,
