sample_id,score,vulca_issues,vulca_risk,desc_issues,heuristic_hits,emotion
track2_0117,23.0,4,1.0,0,spiritual,calm
track2_0665,15.0,2,0.7,0,spiritual;\bSaint\b,calm
track2_0126,14.0,2,0.7,0,spiritual,calm
track2_0541,14.0,2,0.7,0,spiritual,calm
track2_0923,9.5,1,0.55,0,Renaissance,alarmed
track2_0385,8.5,1,0.35,0,spiritual;creates a sense,calm
track2_0543,8.5,1,0.35,0,spiritual;\bChrist\b,calm
track2_0708,8.5,1,0.35,0,spiritual;\bSaint\b,frustrated
track2_0029,7.5,1,0.35,0,spiritual,calm
track2_0036,7.5,1,0.35,0,spiritual,calm
track2_0065,7.5,1,0.35,0,spiritual,calm
track2_0182,7.5,1,0.35,0,spiritual,calm
track2_0364,7.5,1,0.35,0,spiritual,alarmed
track2_0391,7.5,1,0.35,0,spiritual,calm
track2_0454,7.5,1,0.35,0,spiritual,calm
track2_0470,7.5,1,0.35,0,spiritual,calm
track2_0538,7.5,1,0.35,0,spiritual,calm
track2_0584,7.5,1,0.35,0,spiritual,calm
track2_0749,7.5,1,0.35,0,spiritual,calm
track2_0875,7.5,1,0.35,0,spiritual,calm
track2_0903,7.5,1,0.35,0,spiritual,calm
track2_0593,2.0,0,0.0,0,\bSaint\b;creates a sense,content
track2_0752,2.0,0,0.0,0,\bSaint\b;evokes a sense,calm
track2_0007,1.0,0,0.0,0,creates a sense,excited
track2_0095,1.0,0,0.0,0,creates a sense,aroused
track2_0110,1.0,0,0.0,0,creates a sense,calm
track2_0131,1.0,0,0.0,0,creates a sense,content
track2_0143,1.0,0,0.0,0,creates a sense,calm
track2_0154,1.0,0,0.0,0,creates a sense,calm
track2_0169,1.0,0,0.0,0,creates a sense,content
track2_0183,1.0,0,0.0,0,\bSaint\b,calm
track2_0228,1.0,0,0.0,0,creates a sense,calm
track2_0259,1.0,0,0.0,0,evokes a sense,calm
track2_0286,1.0,0,0.0,0,creates a sense,calm
track2_0288,1.0,0,0.0,0,creates a sense,calm
track2_0328,1.0,0,0.0,0,evokes a sense,calm
track2_0339,1.0,0,0.0,0,evokes a sense,calm
track2_0341,1.0,0,0.0,0,creates a sense,calm
track2_0353,1.0,0,0.0,0,Renaissance,calm
track2_0356,1.0,0,0.0,0,creates a sense,aroused
track2_0357,1.0,0,0.0,0,emotional atmosphere,calm
track2_0387,1.0,0,0.0,0,creates a sense,calm
track2_0393,1.0,0,0.0,0,creates a sense,calm
track2_0402,1.0,0,0.0,0,creates a sense,calm
track2_0424,1.0,0,0.0,0,creates a sense,content
track2_0445,1.0,0,0.0,0,creates a sense,calm
track2_0485,1.0,0,0.0,0,creates a sense,calm
track2_0488,1.0,0,0.0,0,creates a sense,excited
track2_0492,1.0,0,0.0,0,creates a sense,calm
track2_0506,1.0,0,0.0,0,creates a sense,calm
track2_0545,1.0,0,0.0,0,philosoph,sad
track2_0559,1.0,0,0.0,0,creates a sense,calm
track2_0600,1.0,0,0.0,0,creates a sense,calm
track2_0601,1.0,0,0.0,0,creates a sense,content
track2_0634,1.0,0,0.0,0,creates a sense,content
track2_0680,1.0,0,0.0,0,\bSaint\b,calm
track2_0728,1.0,0,0.0,0,\bSaint\b,alarmed
track2_0733,1.0,0,0.0,0,creates a sense,aroused
track2_0766,1.0,0,0.0,0,creates a sense,calm
track2_0813,1.0,0,0.0,0,creates a sense,content
track2_0851,1.0,0,0.0,0,creates a sense,calm
track2_0852,1.0,0,0.0,0,evokes a sense,content
track2_0865,1.0,0,0.0,0,\bChrist\b,calm
track2_0869,1.0,0,0.0,0,creates a sense,content
track2_0937,1.0,0,0.0,0,creates a sense,calm
track2_0940,1.0,0,0.0,0,creates a sense,aroused
track2_0950,1.0,0,0.0,0,creates a sense,calm
track2_1000,1.0,0,0.0,0,creates a sense,content
track2_0002,0.0,0,0.0,0,,calm
track2_0004,0.0,0,0.0,0,,content
track2_0005,0.0,0,0.0,0,,calm
track2_0006,0.0,0,0.0,0,,calm
track2_0009,0.0,0,0.0,0,,content
track2_0010,0.0,0,0.0,0,,calm
track2_0011,0.0,0,0.0,0,,happy
track2_0012,0.0,0,0.0,0,,content
track2_0013,0.0,0,0.0,0,,calm
track2_0014,0.0,0,0.0,0,,sad
track2_0016,0.0,0,0.0,0,,calm
track2_0017,0.0,0,0.0,0,,content
track2_0018,0.0,0,0.0,0,,frustrated
track2_0020,0.0,0,0.0,0,,content
track2_0021,0.0,0,0.0,0,,calm
track2_0023,0.0,0,0.0,0,,calm
track2_0024,0.0,0,0.0,0,,calm
track2_0025,0.0,0,0.0,0,,calm
track2_0026,0.0,0,0.0,0,,calm
track2_0027,0.0,0,0.0,0,,content
track2_0030,0.0,0,0.0,0,,alarmed
track2_0031,0.0,0,0.0,0,,tired
track2_0032,0.0,0,0.0,0,,aroused
track2_0033,0.0,0,0.0,0,,aroused
track2_0034,0.0,0,0.0,0,,calm
track2_0035,0.0,0,0.0,0,,content
track2_0037,0.0,0,0.0,0,,tired
track2_0038,0.0,0,0.0,0,,tired
track2_0040,0.0,0,0.0,0,,calm
track2_0041,0.0,0,0.0,0,,frustrated
track2_0042,0.0,0,0.0,0,,calm
track2_0043,0.0,0,0.0,0,,content
track2_0044,0.0,0,0.0,0,,content
track2_0046,0.0,0,0.0,0,,calm
track2_0050,0.0,0,0.0,0,,calm
track2_0051,0.0,0,0.0,0,,calm
track2_0052,0.0,0,0.0,0,,content
track2_0053,0.0,0,0.0,0,,bored
track2_0054,0.0,0,0.0,0,,content
track2_0055,0.0,0,0.0,0,,calm
track2_0056,0.0,0,0.0,0,,tired
track2_0057,0.0,0,0.0,0,,content
track2_0058,0.0,0,0.0,0,,content
track2_0059,0.0,0,0.0,0,,content
track2_0060,0.0,0,0.0,0,,calm
track2_0061,0.0,0,0.0,0,,calm
track2_0062,0.0,0,0.0,0,,calm
track2_0063,0.0,0,0.0,0,,tired
track2_0064,0.0,0,0.0,0,,calm
track2_0066,0.0,0,0.0,0,,calm
track2_0067,0.0,0,0.0,0,,content
track2_0068,0.0,0,0.0,0,,bored
track2_0069,0.0,0,0.0,0,,calm
track2_0070,0.0,0,0.0,0,,aroused
track2_0071,0.0,0,0.0,0,,bored
track2_0072,0.0,0,0.0,0,,calm
track2_0073,0.0,0,0.0,0,,calm
track2_0074,0.0,0,0.0,0,,calm
track2_0075,0.0,0,0.0,0,,calm
track2_0076,0.0,0,0.0,0,,content
track2_0078,0.0,0,0.0,0,,calm
track2_0080,0.0,0,0.0,0,,calm
track2_0081,0.0,0,0.0,0,,calm
track2_0082,0.0,0,0.0,0,,calm
track2_0083,0.0,0,0.0,0,,calm
track2_0085,0.0,0,0.0,0,,content
track2_0086,0.0,0,0.0,0,,alarmed
track2_0087,0.0,0,0.0,0,,content
track2_0088,0.0,0,0.0,0,,calm
track2_0089,0.0,0,0.0,0,,calm
track2_0092,0.0,0,0.0,0,,calm
track2_0094,0.0,0,0.0,0,,calm
track2_0096,0.0,0,0.0,0,,frustrated
track2_0097,0.0,0,0.0,0,,calm
track2_0098,0.0,0,0.0,0,,sad
track2_0099,0.0,0,0.0,0,,content
track2_0100,0.0,0,0.0,0,,calm
track2_0101,0.0,0,0.0,0,,content
track2_0103,0.0,0,0.0,0,,content
track2_0105,0.0,0,0.0,0,,calm
track2_0106,0.0,0,0.0,0,,alarmed
track2_0107,0.0,0,0.0,0,,alarmed
track2_0108,0.0,0,0.0,0,,calm
track2_0113,0.0,0,0.0,0,,bored
track2_0115,0.0,0,0.0,0,,calm
track2_0116,0.0,0,0.0,0,,calm
track2_0118,0.0,0,0.0,0,,calm
track2_0119,0.0,0,0.0,0,,calm
track2_0121,0.0,0,0.0,0,,calm
track2_0122,0.0,0,0.0,0,,calm
track2_0123,0.0,0,0.0,0,,content
track2_0124,0.0,0,0.0,0,,calm
track2_0125,0.0,0,0.0,0,,content
track2_0129,0.0,0,0.0,0,,calm
track2_0130,0.0,0,0.0,0,,calm
track2_0132,0.0,0,0.0,0,,alarmed
track2_0133,0.0,0,0.0,0,,content
track2_0134,0.0,0,0.0,0,,content
track2_0135,0.0,0,0.0,0,,content
track2_0136,0.0,0,0.0,0,,content
track2_0137,0.0,0,0.0,0,,content
track2_0138,0.0,0,0.0,0,,calm
track2_0139,0.0,0,0.0,0,,calm
track2_0140,0.0,0,0.0,0,,aroused
track2_0141,0.0,0,0.0,0,,calm
track2_0145,0.0,0,0.0,0,,calm
track2_0146,0.0,0,0.0,0,,calm
track2_0148,0.0,0,0.0,0,,calm
track2_0149,0.0,0,0.0,0,,calm
track2_0150,0.0,0,0.0,0,,tired
track2_0152,0.0,0,0.0,0,,happy
track2_0155,0.0,0,0.0,0,,content
track2_0156,0.0,0,0.0,0,,calm
track2_0157,0.0,0,0.0,0,,calm
track2_0158,0.0,0,0.0,0,,calm
track2_0161,0.0,0,0.0,0,,calm
track2_0162,0.0,0,0.0,0,,calm
track2_0163,0.0,0,0.0,0,,tired
track2_0164,0.0,0,0.0,0,,calm
track2_0165,0.0,0,0.0,0,,content
track2_0167,0.0,0,0.0,0,,content
track2_0168,0.0,0,0.0,0,,calm
track2_0170,0.0,0,0.0,0,,frustrated
track2_0171,0.0,0,0.0,0,,calm
track2_0172,0.0,0,0.0,0,,calm
track2_0173,0.0,0,0.0,0,,calm
track2_0174,0.0,0,0.0,0,,content
track2_0177,0.0,0,0.0,0,,tired
track2_0178,0.0,0,0.0,0,,content
track2_0179,0.0,0,0.0,0,,tired
track2_0180,0.0,0,0.0,0,,aroused
track2_0181,0.0,0,0.0,0,,content
track2_0185,0.0,0,0.0,0,,content
track2_0186,0.0,0,0.0,0,,calm
track2_0188,0.0,0,0.0,0,,bored
track2_0189,0.0,0,0.0,0,,content
track2_0190,0.0,0,0.0,0,,calm
track2_0191,0.0,0,0.0,0,,content
track2_0194,0.0,0,0.0,0,,calm
track2_0195,0.0,0,0.0,0,,calm
track2_0196,0.0,0,0.0,0,,tired
track2_0198,0.0,0,0.0,0,,excited
track2_0199,0.0,0,0.0,0,,calm
track2_0200,0.0,0,0.0,0,,calm
track2_0201,0.0,0,0.0,0,,content
track2_0202,0.0,0,0.0,0,,content
track2_0204,0.0,0,0.0,0,,calm
track2_0205,0.0,0,0.0,0,,annoyed
track2_0207,0.0,0,0.0,0,,content
track2_0208,0.0,0,0.0,0,,frustrated
track2_0210,0.0,0,0.0,0,,content
track2_0211,0.0,0,0.0,0,,tired
track2_0212,0.0,0,0.0,0,,calm
track2_0213,0.0,0,0.0,0,,sad
track2_0214,0.0,0,0.0,0,,calm
track2_0215,0.0,0,0.0,0,,tired
track2_0216,0.0,0,0.0,0,,calm
track2_0217,0.0,0,0.0,0,,calm
track2_0218,0.0,0,0.0,0,,calm
track2_0220,0.0,0,0.0,0,,calm
track2_0221,0.0,0,0.0,0,,tired
track2_0222,0.0,0,0.0,0,,calm
track2_0223,0.0,0,0.0,0,,frustrated
track2_0225,0.0,0,0.0,0,,calm
track2_0226,0.0,0,0.0,0,,sad
track2_0230,0.0,0,0.0,0,,calm
track2_0232,0.0,0,0.0,0,,happy
track2_0233,0.0,0,0.0,0,,tired
track2_0234,0.0,0,0.0,0,,calm
track2_0236,0.0,0,0.0,0,,calm
track2_0237,0.0,0,0.0,0,,glad
track2_0238,0.0,0,0.0,0,,calm
track2_0239,0.0,0,0.0,0,,calm
track2_0242,0.0,0,0.0,0,,calm
track2_0243,0.0,0,0.0,0,,calm
track2_0244,0.0,0,0.0,0,,calm
track2_0246,0.0,0,0.0,0,,calm
track2_0247,0.0,0,0.0,0,,frustrated
track2_0248,0.0,0,0.0,0,,calm
track2_0249,0.0,0,0.0,0,,frustrated
track2_0250,0.0,0,0.0,0,,content
track2_0252,0.0,0,0.0,0,,calm
track2_0253,0.0,0,0.0,0,,calm
track2_0254,0.0,0,0.0,0,,calm
track2_0255,0.0,0,0.0,0,,calm
track2_0256,0.0,0,0.0,0,,frustrated
track2_0257,0.0,0,0.0,0,,calm
track2_0260,0.0,0,0.0,0,,calm
track2_0261,0.0,0,0.0,0,,calm
track2_0262,0.0,0,0.0,0,,calm
track2_0263,0.0,0,0.0,0,,excited
track2_0264,0.0,0,0.0,0,,calm
track2_0265,0.0,0,0.0,0,,content
track2_0267,0.0,0,0.0,0,,calm
track2_0268,0.0,0,0.0,0,,content
track2_0270,0.0,0,0.0,0,,content
track2_0271,0.0,0,0.0,0,,content
track2_0272,0.0,0,0.0,0,,calm
track2_0273,0.0,0,0.0,0,,bored
track2_0274,0.0,0,0.0,0,,calm
track2_0275,0.0,0,0.0,0,,sad
track2_0277,0.0,0,0.0,0,,calm
track2_0281,0.0,0,0.0,0,,calm
track2_0283,0.0,0,0.0,0,,calm
track2_0284,0.0,0,0.0,0,,calm
track2_0285,0.0,0,0.0,0,,calm
track2_0287,0.0,0,0.0,0,,calm
track2_0289,0.0,0,0.0,0,,calm
track2_0290,0.0,0,0.0,0,,content
track2_0291,0.0,0,0.0,0,,calm
track2_0292,0.0,0,0.0,0,,content
track2_0293,0.0,0,0.0,0,,calm
track2_0294,0.0,0,0.0,0,,sad
track2_0296,0.0,0,0.0,0,,calm
track2_0298,0.0,0,0.0,0,,content
track2_0299,0.0,0,0.0,0,,calm
track2_0300,0.0,0,0.0,0,,calm
track2_0301,0.0,0,0.0,0,,aroused
track2_0302,0.0,0,0.0,0,,calm
track2_0303,0.0,0,0.0,0,,calm
track2_0304,0.0,0,0.0,0,,calm
track2_0305,0.0,0,0.0,0,,calm
track2_0306,0.0,0,0.0,0,,content
track2_0307,0.0,0,0.0,0,,calm
track2_0308,0.0,0,0.0,0,,content
track2_0309,0.0,0,0.0,0,,calm
track2_0310,0.0,0,0.0,0,,frustrated
track2_0311,0.0,0,0.0,0,,calm
track2_0312,0.0,0,0.0,0,,calm
track2_0313,0.0,0,0.0,0,,calm
track2_0314,0.0,0,0.0,0,,calm
track2_0317,0.0,0,0.0,0,,content
