sample_id,in_b80,in_b120,in_b160,source,tier,priority,score,caption,v3_image,candidate_image
track1_0792,True,True,True,pilot100_human24_package_diff,human_review,78000,0.0,,submissions/track1_candidate_v3_gate7_20260606/images/track1_0792.jpg,/Users/yhryzy/dev/emoart-130k/submissions/track1_candidate_pilot100_human24_20260603/images/track1_0792.jpg
track1_0802,True,True,True,pilot100_human24_package_diff,human_review,78000,0.0,,submissions/track1_candidate_v3_gate7_20260606/images/track1_0802.jpg,/Users/yhryzy/dev/emoart-130k/submissions/track1_candidate_pilot100_human24_20260603/images/track1_0802.jpg
track1_0831,True,True,True,pilot100_human24_package_diff,human_review,78000,0.0,,submissions/track1_candidate_v3_gate7_20260606/images/track1_0831.jpg,/Users/yhryzy/dev/emoart-130k/submissions/track1_candidate_pilot100_human24_20260603/images/track1_0831.jpg
track1_0884,True,True,True,pilot100_human24_package_diff,human_review,78000,0.0,,submissions/track1_candidate_v3_gate7_20260606/images/track1_0884.jpg,/Users/yhryzy/dev/emoart-130k/submissions/track1_candidate_pilot100_human24_20260603/images/track1_0884.jpg
track1_0898,True,True,True,pilot100_human24_package_diff,human_review,78000,0.0,,submissions/track1_candidate_v3_gate7_20260606/images/track1_0898.jpg,/Users/yhryzy/dev/emoart-130k/submissions/track1_candidate_pilot100_human24_20260603/images/track1_0898.jpg
track1_0901,True,True,True,pilot100_human24_package_diff,human_review,78000,0.0,,submissions/track1_candidate_v3_gate7_20260606/images/track1_0901.jpg,/Users/yhryzy/dev/emoart-130k/submissions/track1_candidate_pilot100_human24_20260603/images/track1_0901.jpg
track1_0920,True,True,True,pilot100_human24_package_diff,human_review,78000,0.0,,submissions/track1_candidate_v3_gate7_20260606/images/track1_0920.jpg,/Users/yhryzy/dev/emoart-130k/submissions/track1_candidate_pilot100_human24_20260603/images/track1_0920.jpg
track1_0971,True,True,True,pilot100_human24_package_diff,human_review,78000,0.0,,submissions/track1_candidate_v3_gate7_20260606/images/track1_0971.jpg,/Users/yhryzy/dev/emoart-130k/submissions/track1_candidate_pilot100_human24_20260603/images/track1_0971.jpg
track1_0069,True,True,True,safe_subset_package_diff,safe_subset,85000,0.0,,submissions/track1_candidate_v3_gate7_20260606/images/track1_0069.jpg,/Users/yhryzy/dev/emoart-130k/submissions/track1_candidate_v2_safe_subset_20260606/images/track1_0069.jpg
track1_0298,True,True,True,safe_subset_package_diff,safe_subset,85000,0.0,,submissions/track1_candidate_v3_gate7_20260606/images/track1_0298.jpg,/Users/yhryzy/dev/emoart-130k/submissions/track1_candidate_v2_safe_subset_20260606/images/track1_0298.jpg
track1_0538,True,True,True,safe_subset_package_diff,safe_subset,85000,0.0,,submissions/track1_candidate_v3_gate7_20260606/images/track1_0538.jpg,/Users/yhryzy/dev/emoart-130k/submissions/track1_candidate_v2_safe_subset_20260606/images/track1_0538.jpg
track1_0657,True,True,True,safe_subset_package_diff,safe_subset,85000,0.0,,submissions/track1_candidate_v3_gate7_20260606/images/track1_0657.jpg,/Users/yhryzy/dev/emoart-130k/submissions/track1_candidate_v2_safe_subset_20260606/images/track1_0657.jpg
track1_0727,True,True,True,safe_subset_package_diff,safe_subset,85000,0.0,,submissions/track1_candidate_v3_gate7_20260606/images/track1_0727.jpg,/Users/yhryzy/dev/emoart-130k/submissions/track1_candidate_v2_safe_subset_20260606/images/track1_0727.jpg
track1_0730,True,True,True,safe_subset_package_diff,safe_subset,85000,0.0,,submissions/track1_candidate_v3_gate7_20260606/images/track1_0730.jpg,/Users/yhryzy/dev/emoart-130k/submissions/track1_candidate_v2_safe_subset_20260606/images/track1_0730.jpg
track1_0772,True,True,True,safe_subset_package_diff,safe_subset,85000,0.0,,submissions/track1_candidate_v3_gate7_20260606/images/track1_0772.jpg,/Users/yhryzy/dev/emoart-130k/submissions/track1_candidate_v2_safe_subset_20260606/images/track1_0772.jpg
track1_0779,True,True,True,safe_subset_package_diff,safe_subset,85000,0.0,,submissions/track1_candidate_v3_gate7_20260606/images/track1_0779.jpg,/Users/yhryzy/dev/emoart-130k/submissions/track1_candidate_v2_safe_subset_20260606/images/track1_0779.jpg
track1_0905,True,True,True,safe_subset_package_diff,safe_subset,85000,0.0,,submissions/track1_candidate_v3_gate7_20260606/images/track1_0905.jpg,/Users/yhryzy/dev/emoart-130k/submissions/track1_candidate_v2_safe_subset_20260606/images/track1_0905.jpg
track1_0907,True,True,True,safe_subset_package_diff,safe_subset,85000,0.0,,submissions/track1_candidate_v3_gate7_20260606/images/track1_0907.jpg,/Users/yhryzy/dev/emoart-130k/submissions/track1_candidate_v2_safe_subset_20260606/images/track1_0907.jpg
track1_0934,True,True,True,safe_subset_package_diff,safe_subset,85000,0.0,,submissions/track1_candidate_v3_gate7_20260606/images/track1_0934.jpg,/Users/yhryzy/dev/emoart-130k/submissions/track1_candidate_v2_safe_subset_20260606/images/track1_0934.jpg
track1_0936,True,True,True,safe_subset_package_diff,safe_subset,85000,0.0,,submissions/track1_candidate_v3_gate7_20260606/images/track1_0936.jpg,/Users/yhryzy/dev/emoart-130k/submissions/track1_candidate_v2_safe_subset_20260606/images/track1_0936.jpg
track1_0943,True,True,True,safe_subset_package_diff,safe_subset,85000,0.0,,submissions/track1_candidate_v3_gate7_20260606/images/track1_0943.jpg,/Users/yhryzy/dev/emoart-130k/submissions/track1_candidate_v2_safe_subset_20260606/images/track1_0943.jpg
track1_0949,True,True,True,safe_subset_package_diff,safe_subset,85000,0.0,,submissions/track1_candidate_v3_gate7_20260606/images/track1_0949.jpg,/Users/yhryzy/dev/emoart-130k/submissions/track1_candidate_v2_safe_subset_20260606/images/track1_0949.jpg
track1_0950,True,True,True,safe_subset_package_diff,safe_subset,85000,0.0,,submissions/track1_candidate_v3_gate7_20260606/images/track1_0950.jpg,/Users/yhryzy/dev/emoart-130k/submissions/track1_candidate_v2_safe_subset_20260606/images/track1_0950.jpg
track1_0954,True,True,True,safe_subset_package_diff,safe_subset,85000,0.0,,submissions/track1_candidate_v3_gate7_20260606/images/track1_0954.jpg,/Users/yhryzy/dev/emoart-130k/submissions/track1_candidate_v2_safe_subset_20260606/images/track1_0954.jpg
track1_0959,True,True,True,safe_subset_package_diff,safe_subset,85000,0.0,,submissions/track1_candidate_v3_gate7_20260606/images/track1_0959.jpg,/Users/yhryzy/dev/emoart-130k/submissions/track1_candidate_v2_safe_subset_20260606/images/track1_0959.jpg
track1_0968,True,True,True,safe_subset_package_diff,safe_subset,85000,0.0,,submissions/track1_candidate_v3_gate7_20260606/images/track1_0968.jpg,/Users/yhryzy/dev/emoart-130k/submissions/track1_candidate_v2_safe_subset_20260606/images/track1_0968.jpg
track1_0970,True,True,True,safe_subset_package_diff,safe_subset,85000,0.0,,submissions/track1_candidate_v3_gate7_20260606/images/track1_0970.jpg,/Users/yhryzy/dev/emoart-130k/submissions/track1_candidate_v2_safe_subset_20260606/images/track1_0970.jpg
track1_0979,True,True,True,safe_subset_package_diff,safe_subset,85000,0.0,,submissions/track1_candidate_v3_gate7_20260606/images/track1_0979.jpg,/Users/yhryzy/dev/emoart-130k/submissions/track1_candidate_v2_safe_subset_20260606/images/track1_0979.jpg
track1_0980,True,True,True,safe_subset_package_diff,safe_subset,85000,0.0,,submissions/track1_candidate_v3_gate7_20260606/images/track1_0980.jpg,/Users/yhryzy/dev/emoart-130k/submissions/track1_candidate_v2_safe_subset_20260606/images/track1_0980.jpg
track1_0984,True,True,True,safe_subset_package_diff,safe_subset,85000,0.0,,submissions/track1_candidate_v3_gate7_20260606/images/track1_0984.jpg,/Users/yhryzy/dev/emoart-130k/submissions/track1_candidate_v2_safe_subset_20260606/images/track1_0984.jpg
track1_0991,True,True,True,safe_subset_package_diff,safe_subset,85000,0.0,,submissions/track1_candidate_v3_gate7_20260606/images/track1_0991.jpg,/Users/yhryzy/dev/emoart-130k/submissions/track1_candidate_v2_safe_subset_20260606/images/track1_0991.jpg
track1_0994,True,True,True,safe_subset_package_diff,safe_subset,85000,0.0,,submissions/track1_candidate_v3_gate7_20260606/images/track1_0994.jpg,/Users/yhryzy/dev/emoart-130k/submissions/track1_candidate_v2_safe_subset_20260606/images/track1_0994.jpg
track1_0019,True,True,True,v5_human_accept48,caption_faithful_guard,100000,40.0,"Socialist Realism poster of four heroic soldiers in tan uniforms standing with rifles against a blue sky, rendered with bold angular brushstrokes, warm earthy colors, and a solemn monumental composition.",submissions/track1_candidate_v3_gate7_20260606/images/track1_0019.jpg,experiments/track1_v5_smoke_20260608/generated/images/track1_0019_caption_faithful_guard_c01.png
track1_0063,True,True,True,v5_human_accept48,caption_faithful_guard,100000,41.0,"Ink and wash painting of a serene mountainous landscape with layered peaks, trees, a winding stream, calligraphy, seals, and delicate monochrome brushwork on a hanging scroll.",submissions/track1_candidate_v3_gate7_20260606/images/track1_0063.jpg,experiments/track1_v5_smoke_20260608/generated/images/track1_0063_caption_faithful_guard_c01.png
track1_0077,True,True,True,v5_human_accept48,caption_faithful_guard,100000,48.0,"A Socialist Realism Soviet naval propaganda poster with a sailor hoisting red and white flags before panels of warships and sea battles, using bold Cyrillic typography, patriotic red accents, and a solemn heroic composition.",submissions/track1_candidate_v3_gate7_20260606/images/track1_0077.jpg,experiments/track1_v5_smoke_20260608/generated/images/track1_0077_caption_faithful_guard_c01.png
track1_0091,True,True,True,v5_human_accept48,caption_faithful_guard,100000,47.0,"A Socialist Realism poster of a uniformed border guard saluting joyful passengers leaning from a train window beside a red and green frontier post, with bold Cyrillic lettering, muted washes, and a solemn patriotic mood.",submissions/track1_candidate_v3_gate7_20260606/images/track1_0091.jpg,experiments/track1_v5_smoke_20260608/generated/images/track1_0091_caption_faithful_guard_c01.png
track1_0102,True,True,True,v5_human_accept48,caption_faithful_guard,100000,29.0,"A Gongbi handscroll scene with delicate linework and muted silk tones, featuring calligraphy beside an ancient procession of riders and attendants beneath pine trees in a calm mountainous landscape.",submissions/track1_candidate_v3_gate7_20260606/images/track1_0102.jpg,experiments/track1_v5_smoke_20260608/generated/images/track1_0102_caption_faithful_guard_c01.png
track1_0128,True,True,True,v5_human_accept48,caption_faithful_guard,100000,46.0,"Socialist Realism poster of Soviet soldiers marching beside a tank with red banners, celebratory flowers, and bold Cyrillic slogans in a patriotic, triumphant composition.",submissions/track1_candidate_v3_gate7_20260606/images/track1_0128.jpg,experiments/track1_v5_smoke_20260608/generated/images/track1_0128_caption_faithful_guard_c01.png
track1_0151,True,True,True,v5_human_accept48,caption_faithful_guard,100000,32.0,"A Socialist Realism propaganda poster on aged folded paper, with bold Cyrillic lettering and dramatic Soviet soldiers charging with rifles and bayonets against historical Prussian figures, using muted greens, reds, and tan tones.",submissions/track1_candidate_v3_gate7_20260606/images/track1_0151.jpg,experiments/track1_v5_smoke_20260608/generated/images/track1_0151_caption_faithful_guard_c01.png
track1_0160,True,True,True,v5_human_accept48,caption_faithful_guard,100000,31.0,"A Socialist Realism Soviet poster with a vast red banner bearing Stalin’s profile above the Kremlin tower, crossed by dramatic searchlights against a dark night sky in a bold red and orange palette.",submissions/track1_candidate_v3_gate7_20260606/images/track1_0160.jpg,experiments/track1_v5_smoke_20260608/generated/images/track1_0160_caption_faithful_guard_c01.png
track1_0353,True,True,True,v5_human_accept48,caption_faithful_guard,100000,36.0,"A Socialist Realism Soviet poster-style scene with a jubilant crowd of soldiers and civilians watching fireworks over the Kremlin and Red Square beneath bold Cyrillic lettering, rendered in a vintage muted palette with dramatic light and shadow.",submissions/track1_candidate_v3_gate7_20260606/images/track1_0353.jpg,experiments/track1_v5_smoke_20260608/generated/images/track1_0353_caption_faithful_guard_c01.png
track1_0476,True,True,True,v5_human_accept48,caption_faithful_guard,100000,45.0,"A Socialist Realism propaganda poster with bold Cyrillic lettering, a naval medal, sailing ships, cannon, and uniformed sailors in a dramatic maritime battle scene rendered with graphic linework and muted watercolor tones.",submissions/track1_candidate_v3_gate7_20260606/images/track1_0476.jpg,experiments/track1_v5_smoke_20260608/generated/images/track1_0476_caption_faithful_guard_c01.png
track1_0491,True,True,True,v5_human_accept48,caption_faithful_guard,100000,35.0,"A Socialist Realism Soviet agricultural poster with a farm woman holding a basket of vegetables before green fields, surrounded by abundant produce, bold Cyrillic lettering, bright flat colors, and strong poster-like composition.",submissions/track1_candidate_v3_gate7_20260606/images/track1_0491.jpg,experiments/track1_v5_smoke_20260608/generated/images/track1_0491_caption_faithful_guard_c01.png
track1_0534,True,True,True,v5_human_accept48,caption_faithful_guard,100000,39.0,"A Socialist Realism propaganda poster with a Soviet soldier embracing a woman in traditional embroidered clothing beneath red banners, a Soviet emblem, and bold Cyrillic lettering, rendered in strong graphic colors and heroic composition.",submissions/track1_candidate_v3_gate7_20260606/images/track1_0534.jpg,experiments/track1_v5_smoke_20260608/generated/images/track1_0534_caption_faithful_guard_c01.png
track1_0628,True,True,True,v5_human_accept48,caption_faithful_guard,100000,44.0,"A Socialist Realism Soviet poster with bold Cyrillic typography contrasts wartime devastation behind barbed wire with liberated Ukrainian peasants harvesting golden wheat under a bright sky, using strong graphic composition and earthy colors.",submissions/track1_candidate_v3_gate7_20260606/images/track1_0628.jpg,experiments/track1_v5_smoke_20260608/generated/images/track1_0628_caption_faithful_guard_c01.png
track1_0665,True,True,True,v5_human_accept48,caption_faithful_guard,100000,38.0,"A Socialist Realism Soviet victory poster with bold Russian typography, a large medal suspended from a black-and-orange ribbon above Kremlin towers, crowds, fireworks, and radiant blue searchlights in a solemn celebratory composition.",submissions/track1_candidate_v3_gate7_20260606/images/track1_0665.jpg,experiments/track1_v5_smoke_20260608/generated/images/track1_0665_caption_faithful_guard_c01.png
track1_0717,True,True,True,v5_human_accept48,caption_faithful_guard,100000,37.0,"A Socialist Realism Soviet poster with two medal-wearing figures holding a commemorative scroll for the 220th anniversary of the USSR Academy of Sciences, framed by bold Cyrillic lettering, pastel watercolor washes, and a formal building below.",submissions/track1_candidate_v3_gate7_20260606/images/track1_0717.jpg,experiments/track1_v5_smoke_20260608/generated/images/track1_0717_caption_faithful_guard_c01.png
track1_0747,True,True,True,v5_human_accept48,caption_faithful_guard,100000,43.0,"A Socialist Realism Soviet wartime propaganda poster with bold Cyrillic lettering, mounted soldiers, fleeing civilians, burning village ruins, aircraft overhead, and dramatic brushwork in a muted blue, red, and ochre palette.",submissions/track1_candidate_v3_gate7_20260606/images/track1_0747.jpg,experiments/track1_v5_smoke_20260608/generated/images/track1_0747_caption_faithful_guard_c01.png
track1_0750,True,True,True,v5_human_accept48,caption_faithful_guard,100000,28.0,"A Socialist Realism wartime propaganda poster with comic-like panels of civilians resisting fascist forces through sabotage, explosions, burning vehicles, red flags, Cyrillic slogans, and bold red, black, and pale blue graphic linework.",submissions/track1_candidate_v3_gate7_20260606/images/track1_0750.jpg,experiments/track1_v5_smoke_20260608/generated/images/track1_0750_caption_faithful_guard_c01.png
track1_0803,True,True,True,v5_human_accept48,caption_faithful_guard,100000,42.0,"A Socialist Realism propaganda poster with the Soviet, American, and British flags flying above a Kremlin tower crowned by a red star, framed by dramatic blue searchlight beams, bold Russian text, and a solemn wartime color palette.",submissions/track1_candidate_v3_gate7_20260606/images/track1_0803.jpg,experiments/track1_v5_smoke_20260608/generated/images/track1_0803_caption_faithful_guard_c01.png
track1_0816,True,True,True,v5_human_accept48,caption_faithful_guard,100000,33.0,"A Socialist Realism propaganda poster with bold Cyrillic lettering, heroic cavalry, soldiers, and civilians marching through a rural wartime landscape in vivid brushstrokes and dramatic warm light.",submissions/track1_candidate_v3_gate7_20260606/images/track1_0816.jpg,experiments/track1_v5_smoke_20260608/generated/images/track1_0816_caption_faithful_guard_c01.png
track1_0881,True,True,True,v5_human_accept48,caption_faithful_guard,100000,34.0,"A Socialist Realism propaganda poster of a decorated Soviet pilot holding a flight map before military airplanes in a blue sky, framed by laurel wreaths, red ribbons, bold Cyrillic lettering, and heroic patriotic composition.",submissions/track1_candidate_v3_gate7_20260606/images/track1_0881.jpg,experiments/track1_v5_smoke_20260608/generated/images/track1_0881_caption_faithful_guard_c01.png
track1_0903,True,True,True,v5_human_accept48,anti_template_diversifier,100000,17.0,"A Gongbi-style traditional Chinese scene with finely outlined robed figures and children gathered beneath a twisting pine tree, rendered in delicate brushwork, muted colors, and a calm garden setting.",submissions/track1_candidate_v3_gate7_20260606/images/track1_0903.jpg,experiments/track1_v5_smoke_20260608/generated/images/track1_0903_anti_template_diversifier_c01.png
track1_0917,True,True,True,v5_human_accept48,anti_template_diversifier,100000,18.0,"A Gongbi painting of an ancient Chinese court scene with a seated noble figure receiving attendants on a palace terrace, rendered with fine linework, delicate colors, and a calm formal atmosphere.",submissions/track1_candidate_v3_gate7_20260606/images/track1_0917.jpg,experiments/track1_v5_smoke_20260608/generated/images/track1_0917_anti_template_diversifier_c01.png
track1_0919,True,True,True,v5_human_accept48,anti_template_diversifier,100000,19.0,"A Gongbi circular landscape painting on a pale album page, featuring a small pavilion by water among blue-green rocks, trees, distant hills, tiny figures, and delicate fine-line brushwork in muted earthy tones.",submissions/track1_candidate_v3_gate7_20260606/images/track1_0919.jpg,experiments/track1_v5_smoke_20260608/generated/images/track1_0919_anti_template_diversifier_c01.png
track1_0926,True,True,True,v5_human_accept48,caption_faithful_guard,100000,30.0,"A Gongbi-style album spread on aged paper with two muted brown portrait panels, delicate calligraphy columns, faint ink figures, and a quiet antique atmosphere.",submissions/track1_candidate_v3_gate7_20260606/images/track1_0926.jpg,experiments/track1_v5_smoke_20260608/generated/images/track1_0926_caption_faithful_guard_c01.png
track1_0932,True,True,True,v5_human_accept48,anti_template_diversifier,100000,20.0,"A serene Gongbi courtyard garden scene with finely outlined figures walking near a pavilion, willow trees, rocks, and a small bridge in muted earthy colors.",submissions/track1_candidate_v3_gate7_20260606/images/track1_0932.jpg,experiments/track1_v5_smoke_20260608/generated/images/track1_0932_anti_template_diversifier_c01.png
track1_0938,True,True,True,v5_human_accept48,anti_template_diversifier,100000,21.0,"Ink and wash painting of a serene riverside landscape with rocky banks, clustered trees, a small pavilion, and misty distant islands rendered in delicate sepia brushwork.",submissions/track1_candidate_v3_gate7_20260606/images/track1_0938.jpg,experiments/track1_v5_smoke_20260608/generated/images/track1_0938_anti_template_diversifier_c01.png
track1_0942,True,True,True,v5_human_accept48,anti_template_diversifier,100000,22.0,A Gongbi style Chinese scene with finely outlined figures gathered around a low tea table beneath pine trees in a quiet pastoral landscape.,submissions/track1_candidate_v3_gate7_20260606/images/track1_0942.jpg,experiments/track1_v5_smoke_20260608/generated/images/track1_0942_anti_template_diversifier_c01.png
track1_0944,True,True,True,v5_human_accept48,anti_template_diversifier,100000,23.0,"A Gongbi painting of children playing in a tranquil garden landscape with rocks, bamboo, a fence, and soft pale colors defined by delicate fine-line brushwork.",submissions/track1_candidate_v3_gate7_20260606/images/track1_0944.jpg,experiments/track1_v5_smoke_20260608/generated/images/track1_0944_anti_template_diversifier_c01.png
track1_0953,True,True,True,v5_human_accept48,anti_template_diversifier,100000,24.0,"A black bird perched on a gnarled branch with reddish autumn leaves, rendered in Gongbi style with delicate linework, muted colors, and a calm album-leaf composition.",submissions/track1_candidate_v3_gate7_20260606/images/track1_0953.jpg,experiments/track1_v5_smoke_20260608/generated/images/track1_0953_anti_template_diversifier_c01.png
track1_0962,True,True,True,v5_human_accept48,reference_family_primary,100000,1.0,"Abstract watercolor study of a reclining skeletal animal-like form on aged paper, with loose pink, purple, and black brushstrokes and faint pencil lines creating a somber, unfinished composition.",submissions/track1_candidate_v3_gate7_20260606/images/track1_0962.jpg,experiments/track1_v5_smoke_20260608/generated/images/track1_0962_reference_family_primary_c01.png
track1_0963,True,True,True,v5_human_accept48,reference_family_primary,100000,2.0,"Ukiyo-e scene of two women in patterned kimonos and a young child standing outdoors near tall vertical reeds, with delicate linework and a muted earthy color palette.",submissions/track1_candidate_v3_gate7_20260606/images/track1_0963.jpg,experiments/track1_v5_smoke_20260608/generated/images/track1_0963_reference_family_primary_c01.png
track1_0964,True,True,True,v5_human_accept48,reference_family_primary,100000,3.0,"A Ukiyo-e scene of three figures standing on a rocky coastal cliff beside blue waves, with tall misty rock formations in the distance, delicate linework, and a muted earthy color palette.",submissions/track1_candidate_v3_gate7_20260606/images/track1_0964.jpg,experiments/track1_v5_smoke_20260608/generated/images/track1_0964_reference_family_primary_c01.png
track1_0966,True,True,True,v5_human_accept48,anti_template_diversifier,100000,25.0,"Ink and wash painting of a serene mountain landscape with misty peaks, winding water paths, sparse trees, and soft monochrome brushwork on aged paper.",submissions/track1_candidate_v3_gate7_20260606/images/track1_0966.jpg,experiments/track1_v5_smoke_20260608/generated/images/track1_0966_anti_template_diversifier_c01.png
track1_0967,True,True,True,v5_human_accept48,reference_family_primary,100000,4.0,"Ink and wash painting of a tranquil bamboo grove with a winding stream, small rocks, and a lone seated figure, rendered in delicate brushwork on a warm brown ground with a calm, sparse composition.",submissions/track1_candidate_v3_gate7_20260606/images/track1_0967.jpg,experiments/track1_v5_smoke_20260608/generated/images/track1_0967_reference_family_primary_c01.png
track1_0975,True,True,True,v5_human_accept48,reference_family_primary,100000,5.0,"Ink and wash painting of a serene misty mountain landscape with pine trees, a small pavilion on the hillside, a winding river or lake, and a distant sailboat rendered in delicate brushwork and muted earth tones.",submissions/track1_candidate_v3_gate7_20260606/images/track1_0975.jpg,experiments/track1_v5_smoke_20260608/generated/images/track1_0975_reference_family_primary_c01.png
track1_0976,True,True,True,v5_human_accept48,reference_family_primary,100000,6.0,"Abstract watercolor and ink composition with layered brown mask-like forms, a red and blue zigzag band, green washes, and bold black organic shapes in a loose, textured arrangement.",submissions/track1_candidate_v3_gate7_20260606/images/track1_0976.jpg,experiments/track1_v5_smoke_20260608/generated/images/track1_0976_reference_family_primary_c01.png
track1_0977,True,True,True,v5_human_accept48,anti_template_diversifier,100000,26.0,"Ink and wash painting of two small mounted landscape scenes on a pale album page, featuring misty hills, trees, riverbanks, and subdued earthy tones with delicate brushwork.",submissions/track1_candidate_v3_gate7_20260606/images/track1_0977.jpg,experiments/track1_v5_smoke_20260608/generated/images/track1_0977_anti_template_diversifier_c01.png
track1_0981,True,True,True,v5_human_accept48,reference_family_primary,100000,7.0,"A Baroque religious scene of the Madonna and infant surrounded by kneeling and standing worshippers presenting gifts among shadowed architectural ruins, with dramatic light, muted colors, and flowing drapery.",submissions/track1_candidate_v3_gate7_20260606/images/track1_0981.jpg,experiments/track1_v5_smoke_20260608/generated/images/track1_0981_reference_family_primary_c01.png
track1_0982,True,True,True,v5_human_accept48,reference_family_primary,100000,8.0,"Abstract black woodcut-like silhouette of a tall organic plant form with wing-shaped leaves, rough vertical texture, and sparse white carved lines on a beige paper background.",submissions/track1_candidate_v3_gate7_20260606/images/track1_0982.jpg,experiments/track1_v5_smoke_20260608/generated/images/track1_0982_reference_family_primary_c01.png
track1_0983,True,True,True,v5_human_accept48,reference_family_primary,100000,9.0,"Abstract ink line drawing of overlapping fragmented human figures and organic shapes on beige paper, with delicate contour lines, cross-hatching, and a sparse composition.",submissions/track1_candidate_v3_gate7_20260606/images/track1_0983.jpg,experiments/track1_v5_smoke_20260608/generated/images/track1_0983_reference_family_primary_c01.png
track1_0986,True,True,True,v5_human_accept48,reference_family_primary,100000,10.0,"Abstract pencil drawing of a stylized face with a single eye, angular mask-like forms, looping elliptical lines, and soft gray shading on warm beige paper.",submissions/track1_candidate_v3_gate7_20260606/images/track1_0986.jpg,experiments/track1_v5_smoke_20260608/generated/images/track1_0986_reference_family_primary_c01.png
track1_0988,True,True,True,v5_human_accept48,reference_family_primary,100000,11.0,"Ukiyo-e style flowering shrubs with pink and white blossoms, green leaves, and a delicate dragonfly hovering against a muted beige background with fine ink lines and soft colors.",submissions/track1_candidate_v3_gate7_20260606/images/track1_0988.jpg,experiments/track1_v5_smoke_20260608/generated/images/track1_0988_reference_family_primary_c01.png
track1_0992,True,True,True,v5_human_accept48,reference_family_primary,100000,12.0,"Ukiyo-e scene of three figures in patterned traditional kimono among tall grasses, with muted colors, delicate linework, and a calm outdoor composition.",submissions/track1_candidate_v3_gate7_20260606/images/track1_0992.jpg,experiments/track1_v5_smoke_20260608/generated/images/track1_0992_reference_family_primary_c01.png
track1_0993,True,True,True,v5_human_accept48,reference_family_primary,100000,13.0,"An Early Renaissance portrait of a solemn middle-aged man in a deep blue robe before rich burgundy drapery, rendered with fine detail, muted colors, and soft modeling of light and shadow.",submissions/track1_candidate_v3_gate7_20260606/images/track1_0993.jpg,experiments/track1_v5_smoke_20260608/generated/images/track1_0993_reference_family_primary_c01.png
track1_0997,True,True,True,v5_human_accept48,reference_family_primary,100000,14.0,"Ukiyo-e woodblock print of elegantly dressed Japanese figures gathered in an interior before sliding panels with a mountain landscape, rendered with fine linework, muted colors, and a calm theatrical composition.",submissions/track1_candidate_v3_gate7_20260606/images/track1_0997.jpg,experiments/track1_v5_smoke_20260608/generated/images/track1_0997_reference_family_primary_c01.png
track1_0998,True,True,True,v5_human_accept48,reference_family_primary,100000,15.0,"Abstract pencil sketch of a fragmented interior scene with angular geometric forms, overlapping objects, loose graphite lines, and a muted beige paper texture.",submissions/track1_candidate_v3_gate7_20260606/images/track1_0998.jpg,experiments/track1_v5_smoke_20260608/generated/images/track1_0998_reference_family_primary_c01.png
track1_0999,True,True,True,v5_human_accept48,reference_family_primary,100000,16.0,"A Baroque black-and-white engraved landscape with travelers on horseback and on foot moving along a rural path beside a large shadowed tree, distant fields, dense foliage, and fine etched linework.",submissions/track1_candidate_v3_gate7_20260606/images/track1_0999.jpg,experiments/track1_v5_smoke_20260608/generated/images/track1_0999_reference_family_primary_c01.png
track1_1000,True,True,True,v5_human_accept48,caption_faithful_guard,100000,27.0,"Ink and wash painting of a vertical Chinese landscape scroll with misty mountains, tall pine trees, a small pavilion, flowing brushwork, calligraphy inscription, and a red seal in a serene monochrome palette.",submissions/track1_candidate_v3_gate7_20260606/images/track1_1000.jpg,experiments/track1_v5_smoke_20260608/generated/images/track1_1000_caption_faithful_guard_c01.png
track1_0197,False,True,True,human_v25_wave2_package_diff,human_review,72000,0.0,,submissions/track1_candidate_v3_gate7_20260606/images/track1_0197.jpg,/Users/yhryzy/dev/emoart-130k/submissions/track1_candidate_human_v25_wave2_redteam_20260514/images/track1_0197.jpg
track1_0721,False,True,True,human_v25_wave2_package_diff,human_review,72000,0.0,,submissions/track1_candidate_v3_gate7_20260606/images/track1_0721.jpg,/Users/yhryzy/dev/emoart-130k/submissions/track1_candidate_human_v25_wave2_redteam_20260514/images/track1_0721.jpg
track1_0042,False,True,True,pilot100_human24_package_diff,human_review,78000,0.0,,submissions/track1_candidate_v3_gate7_20260606/images/track1_0042.jpg,/Users/yhryzy/dev/emoart-130k/submissions/track1_candidate_pilot100_human24_20260603/images/track1_0042.jpg
track1_0048,False,True,True,pilot100_human24_package_diff,human_review,78000,0.0,,submissions/track1_candidate_v3_gate7_20260606/images/track1_0048.jpg,/Users/yhryzy/dev/emoart-130k/submissions/track1_candidate_pilot100_human24_20260603/images/track1_0048.jpg
track1_0057,False,True,True,pilot100_human24_package_diff,human_review,78000,0.0,,submissions/track1_candidate_v3_gate7_20260606/images/track1_0057.jpg,/Users/yhryzy/dev/emoart-130k/submissions/track1_candidate_pilot100_human24_20260603/images/track1_0057.jpg
track1_0140,False,True,True,pilot100_human24_package_diff,human_review,78000,0.0,,submissions/track1_candidate_v3_gate7_20260606/images/track1_0140.jpg,/Users/yhryzy/dev/emoart-130k/submissions/track1_candidate_pilot100_human24_20260603/images/track1_0140.jpg
track1_0145,False,True,True,pilot100_human24_package_diff,human_review,78000,0.0,,submissions/track1_candidate_v3_gate7_20260606/images/track1_0145.jpg,/Users/yhryzy/dev/emoart-130k/submissions/track1_candidate_pilot100_human24_20260603/images/track1_0145.jpg
track1_0193,False,True,True,pilot100_human24_package_diff,human_review,78000,0.0,,submissions/track1_candidate_v3_gate7_20260606/images/track1_0193.jpg,/Users/yhryzy/dev/emoart-130k/submissions/track1_candidate_pilot100_human24_20260603/images/track1_0193.jpg
track1_0196,False,True,True,pilot100_human24_package_diff,human_review,78000,0.0,,submissions/track1_candidate_v3_gate7_20260606/images/track1_0196.jpg,/Users/yhryzy/dev/emoart-130k/submissions/track1_candidate_pilot100_human24_20260603/images/track1_0196.jpg
track1_0235,False,True,True,pilot100_human24_package_diff,human_review,78000,0.0,,submissions/track1_candidate_v3_gate7_20260606/images/track1_0235.jpg,/Users/yhryzy/dev/emoart-130k/submissions/track1_candidate_pilot100_human24_20260603/images/track1_0235.jpg
track1_0251,False,True,True,pilot100_human24_package_diff,human_review,78000,0.0,,submissions/track1_candidate_v3_gate7_20260606/images/track1_0251.jpg,/Users/yhryzy/dev/emoart-130k/submissions/track1_candidate_pilot100_human24_20260603/images/track1_0251.jpg
track1_0381,False,True,True,pilot100_human24_package_diff,human_review,78000,0.0,,submissions/track1_candidate_v3_gate7_20260606/images/track1_0381.jpg,/Users/yhryzy/dev/emoart-130k/submissions/track1_candidate_pilot100_human24_20260603/images/track1_0381.jpg
track1_0397,False,True,True,pilot100_human24_package_diff,human_review,78000,0.0,,submissions/track1_candidate_v3_gate7_20260606/images/track1_0397.jpg,/Users/yhryzy/dev/emoart-130k/submissions/track1_candidate_pilot100_human24_20260603/images/track1_0397.jpg
track1_0428,False,True,True,pilot100_human24_package_diff,human_review,78000,0.0,,submissions/track1_candidate_v3_gate7_20260606/images/track1_0428.jpg,/Users/yhryzy/dev/emoart-130k/submissions/track1_candidate_pilot100_human24_20260603/images/track1_0428.jpg
track1_0468,False,True,True,pilot100_human24_package_diff,human_review,78000,0.0,,submissions/track1_candidate_v3_gate7_20260606/images/track1_0468.jpg,/Users/yhryzy/dev/emoart-130k/submissions/track1_candidate_pilot100_human24_20260603/images/track1_0468.jpg
track1_0497,False,True,True,pilot100_human24_package_diff,human_review,78000,0.0,,submissions/track1_candidate_v3_gate7_20260606/images/track1_0497.jpg,/Users/yhryzy/dev/emoart-130k/submissions/track1_candidate_pilot100_human24_20260603/images/track1_0497.jpg
track1_0543,False,True,True,pilot100_human24_package_diff,human_review,78000,0.0,,submissions/track1_candidate_v3_gate7_20260606/images/track1_0543.jpg,/Users/yhryzy/dev/emoart-130k/submissions/track1_candidate_pilot100_human24_20260603/images/track1_0543.jpg
track1_0686,False,True,True,pilot100_human24_package_diff,human_review,78000,0.0,,submissions/track1_candidate_v3_gate7_20260606/images/track1_0686.jpg,/Users/yhryzy/dev/emoart-130k/submissions/track1_candidate_pilot100_human24_20260603/images/track1_0686.jpg
track1_0694,False,True,True,pilot100_human24_package_diff,human_review,78000,0.0,,submissions/track1_candidate_v3_gate7_20260606/images/track1_0694.jpg,/Users/yhryzy/dev/emoart-130k/submissions/track1_candidate_pilot100_human24_20260603/images/track1_0694.jpg
track1_0695,False,True,True,pilot100_human24_package_diff,human_review,78000,0.0,,submissions/track1_candidate_v3_gate7_20260606/images/track1_0695.jpg,/Users/yhryzy/dev/emoart-130k/submissions/track1_candidate_pilot100_human24_20260603/images/track1_0695.jpg
track1_0696,False,True,True,pilot100_human24_package_diff,human_review,78000,0.0,,submissions/track1_candidate_v3_gate7_20260606/images/track1_0696.jpg,/Users/yhryzy/dev/emoart-130k/submissions/track1_candidate_pilot100_human24_20260603/images/track1_0696.jpg
track1_0699,False,True,True,pilot100_human24_package_diff,human_review,78000,0.0,,submissions/track1_candidate_v3_gate7_20260606/images/track1_0699.jpg,/Users/yhryzy/dev/emoart-130k/submissions/track1_candidate_pilot100_human24_20260603/images/track1_0699.jpg
track1_0708,False,True,True,pilot100_human24_package_diff,human_review,78000,0.0,,submissions/track1_candidate_v3_gate7_20260606/images/track1_0708.jpg,/Users/yhryzy/dev/emoart-130k/submissions/track1_candidate_pilot100_human24_20260603/images/track1_0708.jpg
track1_0709,False,True,True,pilot100_human24_package_diff,human_review,78000,0.0,,submissions/track1_candidate_v3_gate7_20260606/images/track1_0709.jpg,/Users/yhryzy/dev/emoart-130k/submissions/track1_candidate_pilot100_human24_20260603/images/track1_0709.jpg
track1_0732,False,True,True,pilot100_human24_package_diff,human_review,78000,0.0,,submissions/track1_candidate_v3_gate7_20260606/images/track1_0732.jpg,/Users/yhryzy/dev/emoart-130k/submissions/track1_candidate_pilot100_human24_20260603/images/track1_0732.jpg
track1_0769,False,True,True,pilot100_human24_package_diff,human_review,78000,0.0,,submissions/track1_candidate_v3_gate7_20260606/images/track1_0769.jpg,/Users/yhryzy/dev/emoart-130k/submissions/track1_candidate_pilot100_human24_20260603/images/track1_0769.jpg
track1_0049,False,True,True,v4_distribution_review_queue,high_delta_review,60000,0.0676,"A Socialist Realism propaganda poster with bold flat colors and sharp graphic lines portrays a Soviet soldier with a rifle and bayonet confronting a swastika-marked fascist figure across a map of northern and southern seas, creating a tense wartime composition.",submissions/track1_candidate_v3_gate7_20260606/images/track1_0049.jpg,submissions/track1_candidate_full1000_aas_safe_official_v7_no_fallback_20260605/images/track1_0049.jpg
track1_0221,False,True,True,v4_distribution_review_queue,high_delta_review,60000,0.0755,A Baroque monochrome etching of a seated nude figure with loose expressive cross-hatching and stark light-shadow contrast on aged paper.,submissions/track1_candidate_v3_gate7_20260606/images/track1_0221.jpg,submissions/track1_candidate_full1000_aas_safe_official_v7_no_fallback_20260605/images/track1_0221.jpg
track1_0401,False,True,True,v4_distribution_review_queue,high_delta_review,60000,0.0609,"Ukiyo-e scene of an elderly seated man and a standing woman in patterned robes inside a tatami room with shoji screens, calligraphy above, delicate linework, and muted earthy colors.",submissions/track1_candidate_v3_gate7_20260606/images/track1_0401.jpg,submissions/track1_candidate_full1000_aas_safe_official_v7_no_fallback_20260605/images/track1_0401.jpg
track1_0483,False,True,True,v4_distribution_review_queue,high_delta_review,60000,0.0576,"Ukiyo-e style illustration of two fish, a large pink-red fish beneath a smaller dark mottled fish, with delicate linework, flat muted colors, and calligraphic inscriptions on a pale background.",submissions/track1_candidate_v3_gate7_20260606/images/track1_0483.jpg,submissions/track1_candidate_full1000_aas_safe_official_v7_no_fallback_20260605/images/track1_0483.jpg
track1_0499,False,True,True,v4_distribution_review_queue,high_delta_review,60000,0.1049,"Abstract minimalist composition with a dark blue-black monochrome field, subtle tonal gradients, and a thin shadowed frame creating a calm, mysterious atmosphere.",submissions/track1_candidate_v3_gate7_20260606/images/track1_0499.jpg,submissions/track1_candidate_full1000_aas_safe_official_v7_no_fallback_20260605/images/track1_0499.jpg
track1_0609,False,True,True,v4_distribution_review_queue,high_delta_review,60000,0.0734,"Ukiyo-e scene of two kimono-clad women standing beneath a blossoming tree with distant mountains, delicate linework, muted earthy colors, and a calm atmosphere.",submissions/track1_candidate_v3_gate7_20260606/images/track1_0609.jpg,submissions/track1_candidate_full1000_aas_safe_official_v7_no_fallback_20260605/images/track1_0609.jpg
track1_0630,False,True,True,v4_distribution_review_queue,high_delta_review,60000,0.0646,"A whimsical Ukiyo-e scene with a large cat looming above lively koi fish in pale blue water, using flat colors, delicate outlines, and playful composition.",submissions/track1_candidate_v3_gate7_20260606/images/track1_0630.jpg,submissions/track1_candidate_full1000_aas_safe_official_v7_no_fallback_20260605/images/track1_0630.jpg
track1_0725,False,True,True,v4_distribution_review_queue,high_delta_review,60000,0.0738,"Ukiyo-e scene of three women in patterned kimonos beneath drooping willow branches, with muted colors, delicate linework, and a calm outdoor setting.",submissions/track1_candidate_v3_gate7_20260606/images/track1_0725.jpg,submissions/track1_candidate_full1000_aas_safe_official_v7_no_fallback_20260605/images/track1_0725.jpg
track1_0740,False,True,True,v4_distribution_review_queue,high_delta_review,60000,0.0568,"A Gongbi painting of robed figures gathered in a dim interior, rendered with fine controlled linework, muted earth tones, and a solemn, aged atmosphere.",submissions/track1_candidate_v3_gate7_20260606/images/track1_0740.jpg,submissions/track1_candidate_full1000_aas_safe_official_v7_no_fallback_20260605/images/track1_0740.jpg
track1_0790,False,True,True,v4_distribution_review_queue,high_delta_review,60000,0.084,"Ukiyo-e scene of travelers on a windy shoreline struggling with yellow umbrellas and scattered belongings, with waves, distant mountains, birds, fine linework, muted colors, and a vertical calligraphy panel.",submissions/track1_candidate_v3_gate7_20260606/images/track1_0790.jpg,submissions/track1_candidate_full1000_aas_safe_official_v7_no_fallback_20260605/images/track1_0790.jpg
track1_0839,False,True,True,v4_distribution_review_queue,high_delta_review,60000,0.058,"Abstract geometric composition of intersecting black lines forming rectangles and triangles, with yellow blocks, blue diagonal hatching, gray striped areas, and visible colored-pencil texture on an off-white background.",submissions/track1_candidate_v3_gate7_20260606/images/track1_0839.jpg,submissions/track1_candidate_full1000_aas_safe_official_v7_no_fallback_20260605/images/track1_0839.jpg
track1_0899,False,True,True,v4_distribution_review_queue,high_delta_review,60000,0.0572,"Ukiyo-e scene of samurai warriors carrying spears through a snowy mountain pass among snow-laden pine trees, with crisp linework, muted winter colors, and a calm yet solemn atmosphere.",submissions/track1_candidate_v3_gate7_20260606/images/track1_0899.jpg,submissions/track1_candidate_full1000_aas_safe_official_v7_no_fallback_20260605/images/track1_0899.jpg
track1_0911,False,True,True,v4_distribution_review_queue,high_delta_review,60000,0.061,"Ukiyo-e print of fierce warriors in flowing robes, one gripping a sword beneath curling flames, rendered in a vertical composition with fine ink lines and muted tan, orange, and black tones.",submissions/track1_candidate_v3_gate7_20260606/images/track1_0911.jpg,submissions/track1_candidate_full1000_aas_safe_official_v7_no_fallback_20260605/images/track1_0911.jpg
track1_0957,False,True,True,v4_distribution_review_queue,high_delta_review,60000,0.0693,"Ukiyo-e style print of a dramatic red-skinned warrior in ornate robes raising a fist above a crouching green creature, with bold outlines, flat colors, and a tense theatrical composition.",submissions/track1_candidate_v3_gate7_20260606/images/track1_0957.jpg,submissions/track1_candidate_full1000_aas_safe_official_v7_no_fallback_20260605/images/track1_0957.jpg
track1_0008,False,False,True,v4_distribution_review_queue,medium_delta_review,60000,0.0432,"Ukiyo-e rural landscape with travelers walking along a winding path beside fields and a narrow stream, tall trees rising in the foreground, muted colors, fine linework, and vertical composition.",submissions/track1_candidate_v3_gate7_20260606/images/track1_0008.jpg,submissions/track1_candidate_full1000_aas_safe_official_v7_no_fallback_20260605/images/track1_0008.jpg
track1_0030,False,False,True,v4_distribution_review_queue,high_delta_review,60000,0.0552,"Ukiyo-e scene of travelers in traditional robes walking through a hilly landscape with trees, distant figures on a path, and Mount Fuji in the background, rendered with delicate linework and muted earthy colors.",submissions/track1_candidate_v3_gate7_20260606/images/track1_0030.jpg,submissions/track1_candidate_full1000_aas_safe_official_v7_no_fallback_20260605/images/track1_0030.jpg
track1_0080,False,False,True,v4_distribution_review_queue,medium_delta_review,60000,0.0449,"Ukiyo-e style scene of two dramatic warriors grappling in richly patterned robes, with bold outlines, flat colors, and a vertical woodblock print composition.",submissions/track1_candidate_v3_gate7_20260606/images/track1_0080.jpg,submissions/track1_candidate_full1000_aas_safe_official_v7_no_fallback_20260605/images/track1_0080.jpg
track1_0168,False,False,True,v4_distribution_review_queue,medium_delta_review,60000,0.0484,"Ukiyo-e scene of elegant women in traditional robes gathered on a wooden veranda, with fine linework, muted colors, patterned textiles, and a calm domestic atmosphere.",submissions/track1_candidate_v3_gate7_20260606/images/track1_0168.jpg,submissions/track1_candidate_full1000_aas_safe_official_v7_no_fallback_20260605/images/track1_0168.jpg
track1_0180,False,False,True,v4_distribution_review_queue,medium_delta_review,60000,0.0466,"Ukiyo-e woodblock print of travelers crossing a high arched bridge over a blue river, with wooden supports, stone embankments, and a small village landscape in muted colors and crisp linework.",submissions/track1_candidate_v3_gate7_20260606/images/track1_0180.jpg,submissions/track1_candidate_full1000_aas_safe_official_v7_no_fallback_20260605/images/track1_0180.jpg
track1_0223,False,False,True,v4_distribution_review_queue,medium_delta_review,60000,0.0409,"An Early Renaissance monochrome illustration of a robed seated figure beside a walled garden and gate, with a small church, trees, hills, and delicate hatched linework in a muted sepia palette.",submissions/track1_candidate_v3_gate7_20260606/images/track1_0223.jpg,submissions/track1_candidate_full1000_aas_safe_official_v7_no_fallback_20260605/images/track1_0223.jpg
track1_0233,False,False,True,v4_distribution_review_queue,medium_delta_review,60000,0.0472,"Ink and wash painting of a serene mountainous landscape with towering rocky peaks, dense pine trees, small riverside pavilions, and delicate monochrome brushwork on a vertical scroll.",submissions/track1_candidate_v3_gate7_20260606/images/track1_0233.jpg,submissions/track1_candidate_full1000_aas_safe_official_v7_no_fallback_20260605/images/track1_0233.jpg
track1_0314,False,False,True,v4_distribution_review_queue,medium_delta_review,60000,0.0416,"A Socialist Realism Soviet propaganda poster with a bold Cyrillic headline, heroic soldiers, an industrial worker, anti-fascist caricature scenes, and stark wartime panels in muted reds, blues, and beige tones.",submissions/track1_candidate_v3_gate7_20260606/images/track1_0314.jpg,submissions/track1_candidate_full1000_aas_safe_official_v7_no_fallback_20260605/images/track1_0314.jpg
track1_0385,False,False,True,v4_distribution_review_queue,medium_delta_review,60000,0.0408,"Ukiyo-e portrait of an elegantly dressed woman in a patterned kimono standing beneath leafy branches, holding a folding fan beside a quiet riverside landscape with delicate linework and muted colors.",submissions/track1_candidate_v3_gate7_20260606/images/track1_0385.jpg,submissions/track1_candidate_full1000_aas_safe_official_v7_no_fallback_20260605/images/track1_0385.jpg
track1_0434,False,False,True,v4_distribution_review_queue,medium_delta_review,60000,0.037,"Ink and wash painting of a serene mountainous landscape with layered rocky ridges, dense trees, misty distant peaks, muted sepia tones, fine brushwork, and calligraphy inscription above.",submissions/track1_candidate_v3_gate7_20260606/images/track1_0434.jpg,submissions/track1_candidate_full1000_aas_safe_official_v7_no_fallback_20260605/images/track1_0434.jpg
track1_0445,False,False,True,v4_distribution_review_queue,medium_delta_review,60000,0.0388,"Ink and wash painting of a fan-shaped mountainous landscape with rocky peaks, sparse trees, misty valleys, a calligraphy inscription, warm sepia tones, and delicate brushwork.",submissions/track1_candidate_v3_gate7_20260606/images/track1_0445.jpg,submissions/track1_candidate_full1000_aas_safe_official_v7_no_fallback_20260605/images/track1_0445.jpg
track1_0488,False,False,True,v4_distribution_review_queue,medium_delta_review,60000,0.043,"A Ukiyo-e landscape with a winding blue river, small boats, a wooden bridge, riverside buildings, green trees, and distant mountains beneath a softly graded sky.",submissions/track1_candidate_v3_gate7_20260606/images/track1_0488.jpg,submissions/track1_candidate_full1000_aas_safe_official_v7_no_fallback_20260605/images/track1_0488.jpg
track1_0523,False,False,True,v4_distribution_review_queue,medium_delta_review,60000,0.0411,"Ukiyo-e style circular composition of a busy river harbor with boats, a large moored vessel in the foreground, distant waterfront buildings, muted colors, fine linework, and Japanese calligraphy on a dark background.",submissions/track1_candidate_v3_gate7_20260606/images/track1_0523.jpg,submissions/track1_candidate_full1000_aas_safe_official_v7_no_fallback_20260605/images/track1_0523.jpg
track1_0590,False,False,True,v4_distribution_review_queue,medium_delta_review,60000,0.0417,"Ukiyo-e style scene of three figures in traditional Japanese robes walking past a wooden building and garden, rendered with delicate linework and a muted earthy color palette.",submissions/track1_candidate_v3_gate7_20260606/images/track1_0590.jpg,submissions/track1_candidate_full1000_aas_safe_official_v7_no_fallback_20260605/images/track1_0590.jpg
track1_0604,False,False,True,v4_distribution_review_queue,medium_delta_review,60000,0.0385,"Ukiyo-e scene of two women in flowing robes sharing a large umbrella beside a quiet waterside with birds and reeds, rendered in delicate linework and a muted earthy palette.",submissions/track1_candidate_v3_gate7_20260606/images/track1_0604.jpg,submissions/track1_candidate_full1000_aas_safe_official_v7_no_fallback_20260605/images/track1_0604.jpg
track1_0611,False,False,True,v4_distribution_review_queue,medium_delta_review,60000,0.0408,"Ink and wash painting of a serene mountainous riverside landscape with layered rocky peaks, misty water, trees, a small pavilion by the shore, a tiny boat, and delicate calligraphy rendered in monochrome brushwork.",submissions/track1_candidate_v3_gate7_20260606/images/track1_0611.jpg,submissions/track1_candidate_full1000_aas_safe_official_v7_no_fallback_20260605/images/track1_0611.jpg
track1_0614,False,False,True,v4_distribution_review_queue,high_delta_review,60000,0.0507,"Ukiyo-e scene of two women in patterned kimonos standing on a hillside above a quiet coastal landscape, one holding a closed parasol, with delicate linework and a muted earthy color palette.",submissions/track1_candidate_v3_gate7_20260606/images/track1_0614.jpg,submissions/track1_candidate_full1000_aas_safe_official_v7_no_fallback_20260605/images/track1_0614.jpg
track1_0616,False,False,True,v4_distribution_review_queue,medium_delta_review,60000,0.044,"Ink and wash painting of a gnarled pine tree rising from rocky ground beside grasses and a quiet shoreline, with delicate brushwork, muted sepia tones, calligraphy, and red seals creating a serene traditional landscape.",submissions/track1_candidate_v3_gate7_20260606/images/track1_0616.jpg,submissions/track1_candidate_full1000_aas_safe_official_v7_no_fallback_20260605/images/track1_0616.jpg
track1_0635,False,False,True,v4_distribution_review_queue,medium_delta_review,60000,0.0404,"Ukiyo-e scene of three elegantly robed figures standing near a garden doorway with flowering trees, rendered in delicate linework, muted colors, and an aged paper texture.",submissions/track1_candidate_v3_gate7_20260606/images/track1_0635.jpg,submissions/track1_candidate_full1000_aas_safe_official_v7_no_fallback_20260605/images/track1_0635.jpg
track1_0659,False,False,True,v4_distribution_review_queue,high_delta_review,60000,0.0523,"Ukiyo-e woodblock print of three elegantly dressed figures walking in diagonal rain, with a large patterned parasol, delicate linework, muted colors, and a calm street scene atmosphere.",submissions/track1_candidate_v3_gate7_20260606/images/track1_0659.jpg,submissions/track1_candidate_full1000_aas_safe_official_v7_no_fallback_20260605/images/track1_0659.jpg
track1_0697,False,False,True,v4_distribution_review_queue,medium_delta_review,60000,0.041,"Abstract composition of geometric pyramids, spheres, and block-like forms on a faint grid, layered with energetic sketchy lines, splattered textures, and a vivid yellow, teal, orange, and red palette.",submissions/track1_candidate_v3_gate7_20260606/images/track1_0697.jpg,submissions/track1_candidate_full1000_aas_safe_official_v7_no_fallback_20260605/images/track1_0697.jpg
track1_0712,False,False,True,v4_distribution_review_queue,medium_delta_review,60000,0.0377,Ink and wash painting of a vertical scroll with a robed sage in a circular frame above swirling dragon-like forms and bold ornamental black brushstrokes on aged sepia paper.,submissions/track1_candidate_v3_gate7_20260606/images/track1_0712.jpg,submissions/track1_candidate_full1000_aas_safe_official_v7_no_fallback_20260605/images/track1_0712.jpg
track1_0724,False,False,True,v4_distribution_review_queue,medium_delta_review,60000,0.039,"Abstract pencil sketch of a sparse architectural landscape with faint angular building outlines, a curving path, delicate linear marks, and a muted beige paper texture.",submissions/track1_candidate_v3_gate7_20260606/images/track1_0724.jpg,submissions/track1_candidate_full1000_aas_safe_official_v7_no_fallback_20260605/images/track1_0724.jpg
track1_0746,False,False,True,v4_distribution_review_queue,medium_delta_review,60000,0.0473,"Ukiyo-e scene of two kimono-clad figures walking under yellow paper umbrellas through diagonal rain, with delicate linework, muted colors, and a calligraphy cartouche in the upper corner.",submissions/track1_candidate_v3_gate7_20260606/images/track1_0746.jpg,submissions/track1_candidate_full1000_aas_safe_official_v7_no_fallback_20260605/images/track1_0746.jpg
track1_0771,False,False,True,v4_distribution_review_queue,high_delta_review,60000,0.0559,"A Ukiyo-e woodblock print of women gathered inside a traditional room opening onto a quiet garden with rocks, pine trees, sliding screens, and delicate linework in a muted color palette.",submissions/track1_candidate_v3_gate7_20260606/images/track1_0771.jpg,submissions/track1_candidate_full1000_aas_safe_official_v7_no_fallback_20260605/images/track1_0771.jpg
track1_0785,False,False,True,v4_distribution_review_queue,medium_delta_review,60000,0.0497,"Ink and wash painting of a serene mountainous landscape with clustered trees, small hillside houses, winding paths, and calligraphy, rendered with delicate brushwork and a muted earthy color palette.",submissions/track1_candidate_v3_gate7_20260606/images/track1_0785.jpg,submissions/track1_candidate_full1000_aas_safe_official_v7_no_fallback_20260605/images/track1_0785.jpg
track1_0787,False,False,True,v4_distribution_review_queue,medium_delta_review,60000,0.0483,"Ukiyo-e portrait of a standing Japanese actor or warrior in an ornate patterned kimono with a sword, surrounded by calligraphy on aged paper with bold outlines and muted red, gold, and black tones.",submissions/track1_candidate_v3_gate7_20260606/images/track1_0787.jpg,submissions/track1_candidate_full1000_aas_safe_official_v7_no_fallback_20260605/images/track1_0787.jpg
track1_0812,False,False,True,v4_distribution_review_queue,medium_delta_review,60000,0.0366,"Ukiyo-e scene of a woman holding a patterned parasol beside a child riding a small toy horse near a pink wooden building, with delicate linework, muted colors, and a calm spring atmosphere.",submissions/track1_candidate_v3_gate7_20260606/images/track1_0812.jpg,submissions/track1_candidate_full1000_aas_safe_official_v7_no_fallback_20260605/images/track1_0812.jpg
track1_0815,False,False,True,v4_distribution_review_queue,medium_delta_review,60000,0.0396,"Ukiyo-e scene of elegantly dressed Japanese figures gathered closely with folding fans and patterned robes, rendered in fine ink lines and a muted beige color palette.",submissions/track1_candidate_v3_gate7_20260606/images/track1_0815.jpg,submissions/track1_candidate_full1000_aas_safe_official_v7_no_fallback_20260605/images/track1_0815.jpg
track1_0832,False,False,True,v4_distribution_review_queue,medium_delta_review,60000,0.0469,"Ukiyo-e scene of two women in patterned kimonos, one standing and one kneeling with a fan beside tall flowering plants, rendered with flat warm colors and delicate linework.",submissions/track1_candidate_v3_gate7_20260606/images/track1_0832.jpg,submissions/track1_candidate_full1000_aas_safe_official_v7_no_fallback_20260605/images/track1_0832.jpg
track1_0838,False,False,True,v4_distribution_review_queue,medium_delta_review,60000,0.0396,"Ukiyo-e style owl perched on a mossy twisting branch with red maple leaves, Japanese calligraphy, muted earthy colors, and delicate textured linework on aged paper.",submissions/track1_candidate_v3_gate7_20260606/images/track1_0838.jpg,submissions/track1_candidate_full1000_aas_safe_official_v7_no_fallback_20260605/images/track1_0838.jpg
track1_0844,False,False,True,v4_distribution_review_queue,high_delta_review,60000,0.0562,"A Ukiyo-e scene of travelers crossing a small arched bridge over a stream near a hillside building, framed by autumn trees, delicate linework, and muted earthy colors.",submissions/track1_candidate_v3_gate7_20260606/images/track1_0844.jpg,submissions/track1_candidate_full1000_aas_safe_official_v7_no_fallback_20260605/images/track1_0844.jpg
track1_0872,False,False,True,v4_distribution_review_queue,medium_delta_review,60000,0.046,"A serene Ukiyo-e landscape with a winding stream flowing through rocky banks, dense green hills, and trees silhouetted against a dark sky, rendered with bold outlines and textured wave patterns.",submissions/track1_candidate_v3_gate7_20260606/images/track1_0872.jpg,submissions/track1_candidate_full1000_aas_safe_official_v7_no_fallback_20260605/images/track1_0872.jpg
track1_0890,False,False,True,v4_distribution_review_queue,medium_delta_review,60000,0.0462,"A Ukiyo-e landscape of a winding blue river with small boats, grassy banks, pine and willow trees, and distant huts, rendered with bold outlines and a muted green and blue palette.",submissions/track1_candidate_v3_gate7_20260606/images/track1_0890.jpg,submissions/track1_candidate_full1000_aas_safe_official_v7_no_fallback_20260605/images/track1_0890.jpg
track1_0897,False,False,True,v4_distribution_review_queue,high_delta_review,60000,0.0517,"Ink and wash painting of a serene garden scene with a twisted pine tree, bamboo, rocks, a thatched pavilion where two scholars sit at a table, and a lone figure standing by a simple fence, rendered with delicate brushwork and soft muted washes.",submissions/track1_candidate_v3_gate7_20260606/images/track1_0897.jpg,submissions/track1_candidate_full1000_aas_safe_official_v7_no_fallback_20260605/images/track1_0897.jpg
track1_0914,False,False,True,v4_distribution_review_queue,medium_delta_review,60000,0.0433,"Ukiyo-e print of whimsical yokai-like figures and tiny travelers parading with umbrellas, instruments, and strange sea-creature forms, rendered with fine outlines, muted colors, and a playful fantastical mood.",submissions/track1_candidate_v3_gate7_20260606/images/track1_0914.jpg,submissions/track1_candidate_full1000_aas_safe_official_v7_no_fallback_20260605/images/track1_0914.jpg
track1_0915,False,False,True,v4_distribution_review_queue,medium_delta_review,60000,0.0415,"Ukiyo-e style scene of two women in patterned kimono walking under a large umbrella in falling snow, with delicate linework, muted earthy colors, and calligraphic text in the background.",submissions/track1_candidate_v3_gate7_20260606/images/track1_0915.jpg,submissions/track1_candidate_full1000_aas_safe_official_v7_no_fallback_20260605/images/track1_0915.jpg
track1_0937,False,False,True,v4_distribution_review_queue,medium_delta_review,60000,0.0396,"Ink and wash painting of a serene mountainous landscape with clustered trees, rocky slopes, small houses in a valley, calligraphy inscriptions, and red seal stamps rendered with delicate monochrome brushwork.",submissions/track1_candidate_v3_gate7_20260606/images/track1_0937.jpg,submissions/track1_candidate_full1000_aas_safe_official_v7_no_fallback_20260605/images/track1_0937.jpg
track1_0945,False,False,True,v4_distribution_review_queue,high_delta_review,60000,0.0503,"Ukiyo-e scene of three elegantly dressed women in patterned kimonos standing beneath blooming cherry branches, with delicate linework, muted colors, and a calm spring atmosphere.",submissions/track1_candidate_v3_gate7_20260606/images/track1_0945.jpg,submissions/track1_candidate_full1000_aas_safe_official_v7_no_fallback_20260605/images/track1_0945.jpg
track1_0952,False,False,True,v4_distribution_review_queue,medium_delta_review,60000,0.0409,"A Ukiyo-e portrait of an elegant woman in a richly patterned blue kimono within a decorative interior, rendered with flat color blocks, delicate linework, and a muted vintage palette.",submissions/track1_candidate_v3_gate7_20260606/images/track1_0952.jpg,submissions/track1_candidate_full1000_aas_safe_official_v7_no_fallback_20260605/images/track1_0952.jpg
