confidence,current_emotion,decision,evidence_score,fit_margin,ladder,proposed_arousal,proposed_emotion,proposed_valence,reason_codes,sample_id,supporting_family_count,supporting_source_count,text_override_applied,transition
0.8,annoyed,accept_strict,11.0,0.33000000000000007,v7_strict,Low,calm,Positive,strict_multimodal_arbitration_support,track2_0547,5,10,True,annoyed->calm
0.75,calm,hold,7.0,-0.29999999999999993,,Low,tired,Negative,arbitration_prefers_current;missing_label_aligned_text_override;dangerous_positive_low_shift_without_strict_gate;not_enter_strict_candidate;low_strict_fit_margin;low_strict_evidence_score,track2_0088,4,7,False,calm->tired
0.7,calm,hold,7.0,0.19999999999999996,,Low,tired,Negative,missing_label_aligned_text_override;dangerous_positive_low_shift_without_strict_gate;not_enter_strict_candidate;low_strict_confidence;low_strict_fit_margin;low_strict_evidence_score,track2_0139,4,7,False,calm->tired
0.75,calm,hold,7.0,-0.19999999999999996,,Low,bored,Negative,arbitration_prefers_current;missing_label_aligned_text_override;dangerous_positive_low_shift_without_strict_gate;not_enter_strict_candidate;low_strict_fit_margin;low_strict_evidence_score,track2_0319,4,7,False,calm->bored
0.7,calm,hold,7.0,-0.19999999999999996,,Low,bored,Negative,arbitration_prefers_current;missing_label_aligned_text_override;dangerous_positive_low_shift_without_strict_gate;not_enter_strict_candidate;low_strict_confidence;low_strict_fit_margin;low_strict_evidence_score,track2_0414,4,7,False,calm->bored
0.7,calm,hold,7.0,-0.19999999999999996,,High,aroused,Positive,arbitration_prefers_current;missing_label_aligned_text_override;dangerous_positive_low_shift_without_strict_gate;not_enter_strict_candidate;low_strict_confidence;low_strict_fit_margin;low_strict_evidence_score,track2_0457,4,7,False,calm->aroused
0.75,calm,hold,7.0,-0.15999999999999992,,High,aroused,Positive,arbitration_prefers_current;missing_label_aligned_text_override;dangerous_positive_low_shift_without_strict_gate;not_enter_strict_candidate;low_strict_fit_margin;low_strict_evidence_score,track2_0665,4,7,False,calm->aroused
0.8,alarmed,hold,7.0,-0.2,,High,aroused,Positive,arbitration_prefers_current;missing_label_aligned_text_override;not_enter_strict_candidate;low_strict_fit_margin;low_strict_evidence_score,track2_0728,4,7,False,alarmed->aroused
0.7,calm,hold,7.0,-0.19999999999999996,,Low,tired,Negative,arbitration_prefers_current;missing_label_aligned_text_override;dangerous_positive_low_shift_without_strict_gate;not_enter_strict_candidate;low_strict_confidence;low_strict_fit_margin;low_strict_evidence_score,track2_0925,4,7,False,calm->tired
