source_type,name,url,verified_public_fact,track2_use,status
paper,EmoArt: A Multidimensional Dataset for Emotion-Aware Artistic Generation,https://arxiv.org/abs/2506.03652,"132664 artworks; 56 styles; five visual attributes; VA labels; 12 emotion categories","Core ontology and style prior",verified
project,EmoArt project page,https://zhiliangzhang.github.io/EmoArt-130k/,"132K+ artworks; 56 art styles; 12 emotion classes; 5 visual attributes; links to dataset/code/FAB-G","Primary hub for datasets and code",verified
dataset,printblue/EmoArt-130k,https://huggingface.co/datasets/printblue/EmoArt-130k,"132664 images; 56 styles; 7 thematic categories; Annotation.json","Training/reference/style prior",verified
dataset,printblue/EmoArt-5k,https://huggingface.co/datasets/printblue/EmoArt-5k,"5600-image curated subset","Fast smoke/prototyping",verified
dataset,printblue/EmoArt-Salience,https://huggingface.co/datasets/printblue/EmoArt-Salience,"1400 rows; salience labels for formal attributes","Description/AGSR salience gate",verified
code,zhiliangzhang/EmoArt-130k,https://github.com/zhiliangzhang/EmoArt-130k,"Evaluation metric code including attribute alignment and CLIP score utilities","Description proxy and reference metrics",verified
paper,Attribute-Grounded Selective Reasoning / FAB-G,https://arxiv.org/abs/2605.15755,"AGSR; 1400-artwork salience extension; FAB-G multi-agent bottleneck","Description guard; candidate evidence audit",verified
code,zhiliangzhang/FAB-G,https://github.com/zhiliangzhang/FAB-G,"Qwen3-VL-8B base with six LoRA adapters for five attributes plus final agent","Potential LoRA route; schema for salience bottleneck",verified
challenge,AffectiveArt Challenge 2026 OpenReview,https://openreview.net/forum?id=LbbHX8ofXZ,"Track1 generation and Track2 understanding built on EmoArt; hidden test set; AAS and human/expert evaluation proposal","Rules and ontology source",verified
challenge,Codabench Track2,https://www.codabench.org/competitions/16304,"Submission schema; 50% classification and 50% description; invalid manipulation rules","Official format and scoring constraints",verified
lab,Hongxia Xie / AVC Lab,https://www.hongxiaxie.net/,"Lists EmoArt ACM MM 2025; EmoVIT CVPR 2024; related affective computing outputs","Collaborator/publication graph seed",verified
paper,EmoVIT CVPR 2024,https://openaccess.thecvf.com/content/CVPR2024/html/Xie_EmoVIT_Revolutionizing_Emotion_Insights_with_Visual_Instruction_Tuning_CVPR_2024_paper.html,"Emotion visual instruction tuning; GPT-assisted emotion instruction data","Teacher prompt/instruction tuning pattern",verified
code,aimmemotion/EmoVIT,https://github.com/aimmemotion/EmoVIT,"Official CVPR 2024 code and model/data preparation notes","Potential auxiliary emotion teacher",verified
dataset,WikiArt Emotions,https://aclanthology.org/L18-1197.pdf,"4000+ WikiArt artworks; 20 emotion categories; image/title/whole-art annotations","Auxiliary art emotion prior; requires label mapping",verified
dataset,ArtEmis,https://arxiv.org/abs/2101.07396,"439K emotion attributions and explanations on 81K WikiArt artworks","Description/caption style training; not Track2 gold",verified
dataset,EmoSet,https://arxiv.org/abs/2307.07961,"3.3M images; 118102 human-labeled; rich attributes","Generic visual emotion backbone; not painting-only",verified
dataset,EmoVerse,https://huggingface.co/datasets/PiLabUSTC/EmoVerse-Dataset,"234189 images; B-A-S triplets; CES/DES; includes EmoArt among sources","Interpretability/grounding ideas; noncompatible label space",verified
challenge,AffectiveArt official website,https://affectiveart-challenge.github.io/,"Official site lists rules, awards, organizers, dates, and public dataset links","Track1/Track2 official public hub",verified
challenge,AffectiveArt submission instructions,https://github.com/lizihan363-ship-it/AffectiveArt2026/blob/main/Submission%20Instructions.md,"Public submission package schema; max 5 submissions total; top teams provide code/report","Submission-risk control and final package planning",verified
conference,ACM MM 2026 Grand Challenges page,https://2026.acmmm.org/site/grand-challenges.html,"AffectiveArt listed as accepted ACM MM 2026 Grand Challenge","Confirms official challenge status",verified
paper,EmoVIT,https://arxiv.org/abs/2404.16670,"Emotion visual instruction tuning; GPT-assisted emotion instruction data; code released","Teacher/review prompt design; auxiliary emotion reasoning",verified
code,aimmemotion/EmoVIT,https://github.com/aimmemotion/EmoVIT,"Official CVPR 2024 EmoVIT code","Potential auxiliary emotion-instruction baseline",verified
profile,Hongxia Xie / AVC Lab,https://www.hongxiaxie.net/,"JLU AVC Lab PI; lists EmoArt, EmoVIT, AffectiveArt, related publications","Core collaborator graph and method lineage",verified
profile,Hongxia Xie research page,https://www.hongxiaxie.net/research,"Research vision and project list: MindPower, EmoArt, CookAnything","Generation/agent/data-pipeline lineage",verified
profile,Wen-Huang Cheng homepage,https://www.csie.ntu.edu.tw/~wenhuang/index.html,"NTU Distinguished Chair Professor; AI/multimedia/computer vision research","Organizer lineage and multimedia quality expertise",verified
profile,Hong-Han Shuai BASIC Lab,https://basiclab.lab.nycu.edu.tw/,"Generative models, LLMs, data mining, multimedia; lists EmoVIT and affective works","Organizer lineage; generative/model robustness signals",verified
profile,Jianlong Fu MSRA publications,https://www.microsoft.com/en-us/research/people/jianf/publications/,"PromptFix, MM-Diffusion, visual storytelling, multimodal generation outputs","Generation, repair, multimodal quality strategy signal",verified
paper,Sicheng Zhao AICA survey,https://arxiv.org/abs/2106.16125,"Affective image content analysis survey; discusses affective gap, subjectivity, label noise","Visual emotion prior and domain adaptation strategy",verified
paper,EmoVerse,https://huggingface.co/datasets/PiLabUSTC/EmoVerse-Dataset,"234189 images; B-A-S triplets; DES; grounding via Grounding DINO/SAM","Auxiliary interpretable grounding and cross-model verification",verified
paper,EmoSet,https://arxiv.org/abs/2307.07961,"3.3M images; 118102 human-labeled; rich emotion attributes","Auxiliary visual emotion attributes; not painting-only",verified
paper,PromptFix,https://arxiv.org/abs/2407.00640,"VLM-assisted auxiliary prompt adapter for image restoration; repairs images via learned prompt guidance","Track1 candidate repair prompt adapter",verified
code,microsoft/PromptFix,https://github.com/microsoft/PromptFix,"Official PromptFix repository from Microsoft organization","Track1 hardcase repair and VLM-derived prompt adaptation",verified
survey,Affective Image Content Analysis,https://arxiv.org/abs/2106.16125,"Survey of affective gap, subjectivity, visual emotion, domain adaptation, and label distribution learning","Track1 emotion/style distribution routing and Track2 label priors",verified
code,Affective Image Content Analysis list,https://github.com/Priscilla-Lu/Affective-Image-Content-Analysis,"Curated repository list for visual emotion analysis resources","P1 method crawl seed for visual emotion datasets/algorithms",verified
paper,MER-GCN,https://arxiv.org/abs/2004.08915,"Micro-expression recognition with relation graph convolutional network","Track1 relation semantics graph gate inspiration",verified
survey,Micro-expression recognition survey,https://arxiv.org/abs/2012.11307,"Survey on facial micro-expression analysis with attention/region/temporal cue issues","Track1 subtle visual cue and relation-gate inspiration",verified
lab,BASIC Lab,https://basiclab.lab.nycu.edu.tw/,"Hong-Han Shuai lab site; generative models, LLMs, data mining, multimedia projects","Organizer lineage and method crawl seed",verified
